id,en,pl,zh-Hans,legacy_key
action.show_vitals,Show Vitals,Pokaż Vitals,显示 Vitals,Pokaż Vitals
language.system,System,Systemowy,跟随系统,Systemowy
page.bluetooth,Bluetooth,Bluetooth,蓝牙,Bluetooth
page.connections,Connections,Połączenia,连接,Połączenia
page.power_sensors,Power & sensors,Zasilanie i czujniki,电源与传感器,Zasilanie i czujniki
page.settings,Settings,Ustawienia,设置,Ustawienia
page.summary,Summary,Podsumowanie,概览,Podsumowanie
privacy.bluetooth_usage,"Vitals scans nearby Bluetooth Low Energy devices only when you choose Scan Nearby, to display their names and signal strength. Results stay on this Mac.","Vitals skanuje pobliskie urządzenia Bluetooth Low Energy tylko po wybraniu opcji „Skanuj w pobliżu”, aby pokazać ich nazwy i siłę sygnału. Wyniki pozostają na tym Macu.",Vitals 仅在你选择“扫描附近设备”后扫描附近的蓝牙低功耗设备，以显示其名称和信号强度。扫描结果仅保留在此 Mac 上。,
privacy.location_usage,macOS requires location access to let the app display the Wi-Fi network name (SSID). Location is never sent or saved.,"macOS wymaga zgody na dostęp do lokalizacji, aby aplikacja mogła pokazać nazwę sieci Wi-Fi (SSID). Położenie nie jest nigdzie wysyłane ani zapisywane.",macOS 需要位置访问权限，才能让应用显示 Wi-Fi 网络名称（SSID）。位置信息不会被发送或保存。,
ui.00_00_00,00:00:00,00:00:00,00:00:00,00:00:00
ui.0_0,0.0%,"0,0%",0.0%,"0,0%"
ui.0_0_j,0.0 µJ,"0,0 µJ",0.0 µJ,"0,0 µJ"
ui.0_0_powered_blocks,0.0% powered blocks,"0,0% zasilanych bloków",0.0% 的模块已供电,"0,0% zasilanych bloków"
ui.0_0_w,0.0 W,"0,0 W",0.0 W,"0,0 W"
ui.0f_days_without_a_restart_consider_rebooting_after_updates,%.0f days without a restart · consider rebooting after updates,%.0f dni bez restartu · warto zrestartować po aktualizacjach,%.0f 天未重新启动 · 建议更新后重新启动,%.0f dni bez restartu · warto zrestartować po aktualizacjach
ui.0f_of_factory_capacity,%.0f%% of factory capacity,%.0f%% pojemności fabrycznej,出厂容量的 %.0f%%,%.0f%% pojemności fabrycznej
ui.0f_per_second,%.0f per second,%.0f na sekundę,每秒 %.0f 次,%.0f na sekundę
ui.0f_rpm,%.0f rpm,%.0f obr/min,%.0f rpm,%.0f obr/min
ui.100_means_one_fully_utilized_core_a_multithreaded_process_can_exc_a3fd5b8c,100% means one fully utilized core. A multithreaded process can exceed 100%.,100% oznacza jeden w pełni obciążony rdzeń. Proces wielowątkowy może przekroczyć 100%.,100% 表示一个核心满负荷运行。多线程进程可能超过 100%。,100% oznacza jeden w pełni obciążony rdzeń. Proces wielowątkowy może przekroczyć 100%.
ui.10_seconds,10 seconds,10 sekund,10 秒,10 sekund
ui.110_0_c,110.0 °C,"110,0 °C",110.0 °C,"110,0 °C"
ui.120_samples,120 samples,120 próbek,120 个采样点,120 próbek
ui.12_pixels,12 pixels,12 pikseli,12 像素,12 pikseli
ui.16_pixels,16 pixels,16 pikseli,16 像素,16 pikseli
ui.1_encode_1_decode_engine,1 encode + 1 decode engine,1 silnik kodowania + 1 dekodowania,1 个编码引擎 + 1 个解码引擎,1 silnik kodowania + 1 dekodowania
ui.1_hardware_block,1 hardware block,1 blok sprzętowy,1 个硬件模块,1 blok sprzętowy
ui.1_minute,1 minute,1 minuta,1 分钟,1 minuta
ui.20_seconds,20 seconds,20 sekund,20 秒,20 sekund
ui.240_samples,240 samples,240 próbek,240 个采样点,240 próbek
ui.24_pixels,24 pixels,24 piksele,24 像素,24 piksele
ui.2_minutes,2 minutes,2 minuty,2 分钟,2 minuty
ui.2f_2f_2f_on_d_logical_cpus,%.2f / %.2f / %.2f on %d logical CPUs,%.2f / %.2f / %.2f przy %d procesorach logicznych,%.2f / %.2f / %.2f，%d 个逻辑 CPU,%.2f / %.2f / %.2f przy %d procesorach logicznych
ui.30_seconds,30 seconds,30 sekund,30 秒,30 sekund
ui.32_bit_float_filtering,32-bit float filtering,Filtrowanie 32-bit float,32 位浮点过滤,Filtrowanie 32-bit float
ui.5_minutes,5 minutes,5 minut,5 分钟,5 minut
ui.600_samples,600 samples,600 próbek,600 个采样点,600 próbek
ui.60_fps_animations,60 fps animations,Animacje 60 kl./s,60 fps 动画,Animacje 60 kl./s
ui.60_samples,60 samples,60 próbek,60 个采样点,60 próbek
ui.8_pixels,8 pixels,8 pikseli,8 像素,8 pikseli
ui.a_new_version_is_available,A new version is available,Dostępna jest nowa wersja,有新版本可用,Dostępna jest nowa wersja
ui.a_panel_becomes_fully_opaque_when_you_hover_over_it_drag_it_by_it_de0fc108,A panel becomes fully opaque when you hover over it. Drag it by its background and close it with the cross in the corner.,"Panel staje się w pełni widoczny, gdy najedziesz na niego kursorem. Przeciągasz go za tło, a zamykasz krzyżykiem w rogu.",将指针移到面板上时，面板会变为完全不透明。拖动背景可移动面板，点击角落的关闭按钮可关闭面板。,"Panel staje się w pełni widoczny, gdy najedziesz na niego kursorem. Przeciągasz go za tło, a zamykasz krzyżykiem w rogu."
ui.a_process_is_loading_the_cpu,A process is loading the CPU,Proces obciąża procesor,进程占用 CPU 过高,Proces obciąża procesor
ui.a_single_process_above_this_value_zero_disables_this_rule,A single process above this value. Zero disables this rule.,Pojedynczy proces powyżej tej wartości. Zero wyłącza tę regułę.,单个进程超过此数值时触发。设为零可停用此规则。,Pojedynczy proces powyżej tej wartości. Zero wyłącza tę regułę.
ui.a_value_a_mini_graph_or_both_in_the_bar_itself_the_simple_panel_s_139739b7,"A value, a mini graph or both in the bar itself. The simple panel shows a summary, the advanced one full lists of readings (cores, sensors, SMC keys, interfaces).","Wartość, mini wykres albo oba naraz w samym pasku. Prosty panel pokazuje skrót metryki, zaawansowany pełne listy odczytów (rdzenie, czujniki, klucze SMC, interfejsy).",在菜单栏中显示数值、迷你图表或两者。简洁面板显示指标概览，高级面板显示完整读数列表（核心、传感器、SMC 键和接口）。,"Wartość, mini wykres albo oba naraz w samym pasku. Prosty panel pokazuje skrót metryki, zaawansowany pełne listy odczytów (rdzenie, czujniki, klucze SMC, interfejsy)."
ui.a_value_a_mini_graph_or_both_left_click_opens_the_graph_panel_rig_8c31ab46,"A value, a mini graph or both. Left-click opens the graph panel, right-click the menu.","Wartość, mini wykres albo oba naraz. Lewy przycisk otwiera panel z wykresami, prawy menu.",显示数值、迷你图表或两者。左键单击打开图表面板，右键单击打开菜单。,"Wartość, mini wykres albo oba naraz. Lewy przycisk otwiera panel z wykresami, prawy menu."
ui.aborted,aborted,przerwano,已中止,przerwano
ui.aborted_49dbb2dc,Aborted,Przerwano,已中止,Przerwano
ui.about,About,O programie,关于,O programie
ui.about_vitals,About Vitals,O programie Vitals,关于 Vitals,O programie Vitals
ui.above_normal_5,Above normal (-5),Powyżej normalnego (-5),高于正常（-5）,Powyżej normalnego (-5)
ui.ac_adapter,AC adapter,Zasilacz sieciowy,交流电源适配器,Zasilacz sieciowy
ui.ac_power,AC power,Zasilanie sieciowe,交流电源,Zasilanie sieciowe
ui.ac_power_451258d6,AC power,zasilanie sieciowe,交流电源,zasilanie sieciowe
ui.access_point,Access point,Punkt dostępu,接入点,Punkt dostępu
ui.account,ACCOUNT,KONTO,账户,KONTO
ui.activation_lock,Activation lock,Blokada aktywacji,激活锁,Blokada aktywacji
ui.active,active,aktywne,活跃,aktywne
ui.active_2303c091,Active,Aktywne,活跃,Aktywne
ui.active_2fdf7005,Active,Aktywna,活跃,Aktywna
ui.active_3d20fe14,Active,Aktywny,活跃,Aktywny
ui.active_in_kernel,Active in kernel,Aktywne w jądrze,内核中活跃,Aktywne w jądrze
ui.active_link,Active link,Aktywne łącze,活跃链路,Aktywne łącze
ui.active_services,active (services),aktywny (usługi),活跃（服务）,aktywny (usługi)
ui.address,address,adres,地址,adres
ui.address_32c6bebf,Address,Adres,地址,Adres
ui.address_f59ad9bd,Address:,Adres:,地址：,Adres:
ui.addresses,addresses,adresy,地址,adresy
ui.addresses_7997bf25,addresses,adresów,地址,adresów
ui.administrator,Administrator,Administrator,管理员,Administrator
ui.administrator_4194d170,administrator,administrator,管理员,administrator
ui.administrator_rights,Administrator rights,Uprawnienia administratora,管理员权限,Uprawnienia administratora
ui.advanced,Advanced,Zaawansowany,高级,Zaawansowany
ui.advanced_1809d081,ADVANCED,ZAAWANSOWANE,高级,ZAAWANSOWANE
ui.after_an_app_update_an_older_helper_updates_automatically_macos_m_8dbd6764,"After an app update, an older helper updates automatically. macOS may request your password or approval again. If cancelled, you can retry here.",Po aktualizacji aplikacji starszy pomocnik aktualizuje się automatycznie. macOS może ponownie poprosić o hasło lub zatwierdzenie. Po anulowaniu możesz ponowić próbę tutaj.,应用更新后，旧版辅助程序会自动更新。macOS 可能会再次请求密码或批准。若取消，可在此处重试。,Po aktualizacji aplikacji starszy pomocnik aktualizuje się automatycznie. macOS może ponownie poprosić o hasło lub zatwierdzenie. Po anulowaniu możesz ponowić próbę tutaj.
ui.alert_log,Alert log,Dziennik alertów,警报日志,Dziennik alertów
ui.alerts_and_thresholds,Alerts and thresholds,Alerty i progi,警报与阈值,Alerty i progi
ui.all,All,Wszystkie,全部,Wszystkie
ui.all_domains,All domains,Wszystkie domeny,所有域,Wszystkie domeny
ui.all_good,All good,W porządku,正常,W porządku
ui.all_interfaces,All interfaces,Wszystkie interfejsy,所有接口,Wszystkie interfejsy
ui.all_smc_power_keys_p,All SMC power keys (P*),Wszystkie klucze mocy SMC (P*),所有 SMC 功率键（P*）,Wszystkie klucze mocy SMC (P*)
ui.allocated,Allocated,Zaalokowana,已分配,Zaalokowana
ui.always_on_top,Always on top,Zawsze na wierzchu,始终置顶,Zawsze na wierzchu
ui.amber,Amber,Bursztynowy,琥珀色,Bursztynowy
ui.ambient,Ambient,Otoczenie,环境,Otoczenie
ui.amount_of_data_in_the_swap_file,Amount of data in the swap file.,Ilość danych w pliku wymiany.,交换文件中的数据量。,Ilość danych w pliku wymiany.
ui.an_alternative_to_the_helper_a_system_password_prompt_at_every_la_27198973,An alternative to the helper: a system password prompt at every launch that switches the whole app into administrator mode.,Alternatywa dla pomocnika: przy każdym starcie systemowe okno hasła i przełączenie całej aplikacji w tryb administratora.,辅助程序的替代方案：每次启动时显示系统密码对话框，将整个应用切换到管理员模式。,Alternatywa dla pomocnika: przy każdym starcie systemowe okno hasła i przełączenie całej aplikacji w tryb administratora.
ui.an_alternative_to_the_helper_the_app_asks_for_the_administrator_p_64fd22ad,An alternative to the helper: the app asks for the administrator password at every launch.,Alternatywa dla pomocnika: przy każdym starcie aplikacja poprosi o hasło administratora.,辅助程序的替代方案：应用每次启动时请求管理员密码。,Alternatywa dla pomocnika: przy każdym starcie aplikacja poprosi o hasło administratora.
ui.an_estimate_based_on_cpu_disk_i_o_and_context_switches_not_a_meas_8142af2d,"An estimate based on CPU, disk I/O and context switches; not a measurement in watts.","Szacunkowy wskaźnik na podstawie CPU, operacji dyskowych i przełączeń kontekstu; nie jest pomiarem w watach.",根据 CPU、磁盘 I/O 和上下文切换估算，不是以瓦特为单位的功率测量值。,"Szacunkowy wskaźnik na podstawie CPU, operacji dyskowych i przełączeń kontekstu; nie jest pomiarem w watach."
ui.ane_power,ANE power,Moc ANE,ANE 功率,Moc ANE
ui.app,App,Aplikacja,应用,Aplikacja
ui.app_memory,App memory,Pamięć aplikacji,应用内存,Pamięć aplikacji
ui.app_only_without_related_files,"App only, without related files","Tylko aplikacja, bez plików powiązanych",仅应用，不包含关联文件,"Tylko aplikacja, bez plików powiązanych"
ui.app_page,App page,Strona aplikacji,应用页面,Strona aplikacji
ui.app_theme,App theme,Motyw aplikacji,应用主题,Motyw aplikacji
ui.appearance,Appearance,Wygląd,外观,Wygląd
ui.apple_extension_system_integrity_protection_sip_prevents_unloadin_8757ad63,"Apple extension. System Integrity Protection (SIP) prevents unloading it, and the system depends on it while running.","Rozszerzenie Apple. Ochrona integralności systemu (SIP) nie pozwala go wyładować, a system zależy od niego podczas pracy.",Apple 扩展。系统完整性保护（SIP）不允许卸载此扩展，系统运行时依赖此扩展。,"Rozszerzenie Apple. Ochrona integralności systemu (SIP) nie pozwala go wyładować, a system zależy od niego podczas pracy."
ui.apple_hypervisor_supported,Apple Hypervisor supported,Apple Hypervisor wspierany,支持 Apple Hypervisor,Apple Hypervisor wspierany
ui.apple_silicon,Apple Silicon,Apple Silicon,Apple 芯片,Apple Silicon
ui.apple_silicon_power_management,Apple silicon power management,Apple silicon power management,Apple 芯片电源管理,Apple silicon power management
ui.apple_system,Apple system,Systemowe Apple,Apple 系统,Systemowe Apple
ui.applications,Applications,Aplikacje,应用程序,Aplikacje
ui.applies_to_cheap_measurements_cpu_memory_disk_network_the_process_29e6d1bc,"Applies to cheap measurements (CPU, memory, disk, network). The process list refreshes about every 1 s.","Dotyczy tanich pomiarów (CPU, pamięć, dysk, sieć). Lista procesów odświeża się co ok. 1 s.",适用于开销较小的测量（CPU、内存、磁盘和网络）。进程列表约每 1 s 刷新一次。,"Dotyczy tanich pomiarów (CPU, pamięć, dysk, sieć). Lista procesów odświeża się co ok. 1 s."
ui.applies_to_cheap_measurements_cpu_memory_disk_network_the_process_56db23d0,"Applies to cheap measurements (CPU, memory, disk, network). The process list refreshes about every 2 s and sensors about every 1 s, regardless of this setting.","Dotyczy tanich pomiarów (CPU, pamięć, dysk, sieć). Lista procesów odświeża się co ok. 2 s, a czujniki co ok. 1 s, niezależnie od tego ustawienia.",适用于开销较小的测量（CPU、内存、磁盘和网络）。进程列表约每 2 s 刷新一次，传感器约每 1 s 刷新一次，不受此设置影响。,"Dotyczy tanich pomiarów (CPU, pamięć, dysk, sieć). Lista procesów odświeża się co ok. 2 s, a czujniki co ok. 1 s, niezależnie od tego ustawienia."
ui.applies_to_newly_created_graphs_after_changing_page_or_restarting,Applies to newly created graphs (after changing page or restarting).,Dotyczy nowo tworzonych wykresów (po zmianie strony lub restarcie).,适用于新建的图表（切换页面或重新启动后）。,Dotyczy nowo tworzonych wykresów (po zmianie strony lub restarcie).
ui.apps,apps,aplikacji,个应用,aplikacji
ui.architecture,Architecture,Architektura,架构,Architektura
ui.architectures,Architectures,Architektury,架构,Architektury
ui.archives,Archives,Archiwa,归档,Archiwa
ui.area,Area,Obszar,范围,Obszar
ui.argument_buffers,Argument buffers,Bufory argumentów,参数缓冲区,Bufory argumentów
ui.arguments,Arguments,Argumenty,参数,Argumenty
ui.ask_for_administrator_privileges_at_launch,Ask for administrator privileges at launch,Pytaj o uprawnienia administratora przy starcie,启动时请求管理员权限,Pytaj o uprawnienia administratora przy starcie
ui.assign_it_a_key_combination_system_settings_keyboard_keyboard_sho_44130005,Assign it a key combination: System Settings → Keyboard → Keyboard Shortcuts → Services → General → “Show Vitals”.,Przypisz jej kombinację klawiszy: Ustawienia systemowe → Klawiatura → Skróty klawiszowe → Usługi → Ogólne → „Pokaż Vitals”.,请为其指定快捷键：系统设置 → 键盘 → 键盘快捷键 → 服务 → 通用 → “显示 Vitals”。,Przypisz jej kombinację klawiszy: Ustawienia systemowe → Klawiatura → Skróty klawiszowe → Usługi → Ogólne → „Pokaż Vitals”.
ui.attention,Attention,Uwaga,注意,Uwaga
ui.audio,Audio,Audio,音频,Audio
ui.automatic,Automatic,Automatyczny,自动,Automatyczny
ui.automatic_macos,Automatic (macOS),Automatyczna (macOS),自动（macOS）,Automatyczna (macOS)
ui.available,Available,Dostępne,可用,Dostępne
ui.avg_response_time,Avg. response time,Śr. czas odpowiedzi,平均响应时间,Śr. czas odpowiedzi
ui.back,Back,Wstecz,返回,Wstecz
ui.background_processes,Background processes,Procesy w tle,后台进程,Procesy w tle
ui.band_channel,Band / channel,Pasmo / kanał,频段 / 信道,Pasmo / kanał
ui.base_clock,Base clock,Taktowanie bazowe,基础频率,Taktowanie bazowe
ui.battery,battery,bateria,电池,bateria
ui.battery_1,Battery 1,Bateria 1,电池 1,Bateria 1
ui.battery_2,Battery 2,Bateria 2,电池 2,Bateria 2
ui.battery_3,Battery 3,Bateria 3,电池 3,Bateria 3
ui.battery_c5aa86e8,Battery,Bateria,电池,Bateria
ui.battery_charge,Battery charge,Naładowanie baterii,电池电量,Naładowanie baterii
ui.battery_condition,Battery condition,Kondycja baterii,电池健康状况,Kondycja baterii
ui.battery_flow,Battery flow,Przepływ baterii,电池功率流向,Przepływ baterii
ui.battery_model,Battery model,Model baterii,电池型号,Model baterii
ui.battery_temperatures,Battery temperatures,Temperatury baterii,电池温度,Temperatury baterii
ui.battery_threshold,Battery threshold (%),Próg baterii (%),电池阈值（%）,Próg baterii (%)
ui.below_normal_5,Below normal (5),Poniżej normalnego (5),低于正常（5）,Poniżej normalnego (5)
ui.benchmarks,Benchmarks,Benchmarki,基准测试,Benchmarki
ui.ble_scanning_is_unavailable_on_this_mac,BLE scanning is unavailable on this Mac.,Skanowanie BLE jest niedostępne na tym komputerze.,此 Mac 不支持 BLE 扫描。,Skanowanie BLE jest niedostępne na tym komputerze.
ui.block_size,Block size,Rozmiar bloku,块大小,Rozmiar bloku
ui.bloom,Bloom,Poświata,辉光,Poświata
ui.blue,Blue,Niebieski,蓝色,Niebieski
ui.bluetooth_access_is_denied_allow_it_in_system_settings_privacy_se_21e66a19,Bluetooth access is denied. Allow it in System Settings → Privacy & Security → Bluetooth.,Brak dostępu do Bluetooth. Przyznaj go w Ustawieniach systemowych → Prywatność i ochrona → Bluetooth.,没有蓝牙访问权限。请前往系统设置 → 隐私与安全性 → 蓝牙，允许访问。,Brak dostępu do Bluetooth. Przyznaj go w Ustawieniach systemowych → Prywatność i ochrona → Bluetooth.
ui.bluetooth_is_off_turn_it_on_in_system_settings,Bluetooth is off. Turn it on in System Settings.,Bluetooth jest wyłączony. Włącz go w Ustawieniach systemowych.,蓝牙已关闭。请在系统设置中打开蓝牙。,Bluetooth jest wyłączony. Włącz go w Ustawieniach systemowych.
ui.bluetooth_settings,Bluetooth Settings…,Ustawienia Bluetooth…,蓝牙设置…,Ustawienia Bluetooth…
ui.boot_mode,Boot mode,Tryb startu,启动模式,Tryb startu
ui.boot_volume,Boot volume,Wolumin startowy,启动宗卷,Wolumin startowy
ui.bridge,Bridge,Mostek,网桥,Mostek
ui.broadcast,Broadcast,Rozgłoszeniowy,广播,Rozgłoszeniowy
ui.bsd_name,BSD name,Nazwa BSD,BSD 名称,Nazwa BSD
ui.bssid,BSSID,BSSID,BSSID,BSSID
ui.build,Build,Kompilacja,构建版本,Kompilacja
ui.built,built,zbudowano,构建于,zbudowano
ui.bundle_identifier,Bundle identifier,Identyfikator pakietu,应用包标识符,Identyfikator pakietu
ui.bus,Bus,Magistrala,总线,Magistrala
ui.busiest_processes,Busiest processes,Najcięższe procesy,最繁忙的进程,Najcięższe procesy
ui.cache,Cache,Cache,缓存,Cache
ui.cache_hits,Cache hits,Trafienia cache,缓存命中,Trafienia cache
ui.cached_files,Cached files,Pliki w cache,缓存文件,Pliki w cache
ui.cached_files_3c3d0fa1,Cached files,Pliki w pamięci,缓存文件,Pliki w pamięci
ui.calculating,calculating…,obliczanie…,正在计算…,obliczanie…
ui.camera,Camera,Kamera,摄像头,Kamera
ui.cancel,Cancel,Anuluj,取消,Anuluj
ui.cancelled,Cancelled.,Anulowano.,已取消。,Anulowano.
ui.cannot_replace_the_bundle_in,Cannot replace the bundle in,Nie można podmienić pakietu w,无法替换此位置的应用包：,Nie można podmienić pakietu w
ui.capacity,Capacity,Pojemność,容量,Pojemność
ui.capacity_0f_of_factory,capacity %.0f%% of factory,pojemność %.0f%% fabrycznej,容量为出厂容量的 %.0f%%,pojemność %.0f%% fabrycznej
ui.capacity_wear,Capacity wear,Zużycie pojemności,容量损耗,Zużycie pojemności
ui.card_readers,Card readers,Czytniki kart,读卡器,Czytniki kart
ui.cell_revision,Cell revision,Rewizja ogniw,电芯修订版本,Rewizja ogniw
ui.cell_wear,cell wear,zużycie komórek,存储单元损耗,zużycie komórek
ui.cell_wear_b50b1f33,Cell wear,Zużycie komórek,存储单元损耗,Zużycie komórek
ui.celsius_c,Celsius (°C),Celsjusz (°C),摄氏度（°C）,Celsjusz (°C)
ui.channel,channel,kanał,信道,kanał
ui.channel_597a9fe5,Channel,Kanał,信道,Kanał
ui.charge,charge,naładowania,电量,naładowania
ui.charge_916af79e,Charge,Naładowanie,电量,Naładowanie
ui.charge_cycles,Charge cycles,Cykle ładowania,充电循环次数,Cykle ładowania
ui.charge_level_while_running_on_battery,Charge level while running on battery.,Poziom naładowania przy pracy na baterii.,使用电池供电时的电量。,Poziom naładowania przy pracy na baterii.
ui.charger,Charger,Zasilacz,电源适配器,Zasilacz
ui.charger_dc,Charger (DC),Zasilacz (DC),电源适配器（DC）,Zasilacz (DC)
ui.charger_input,Charger input,Wejście zasilacza,适配器输入,Wejście zasilacza
ui.charger_input_pdtr,Charger input (PDTR),Wejście zasilacza (PDTR),适配器输入（PDTR）,Wejście zasilacza (PDTR)
ui.charging,Charging,Ładowanie,充电中,Ładowanie
ui.charging_0340a6f6,charging,ładowanie,充电中,ładowanie
ui.charging_status,Charging status,Status ładowania,充电状态,Status ładowania
ui.check,Check,Kontrola,检查,Kontrola
ui.check_for_updates,Check for Updates…,Sprawdź aktualizacje…,检查更新…,Sprawdź aktualizacje…
ui.check_for_updates_automatically,Check for updates automatically,Sprawdzaj aktualizacje automatycznie,自动检查更新,Sprawdzaj aktualizacje automatycznie
ui.check_now,Check now,Sprawdź teraz,立即检查,Sprawdź teraz
ui.check_thresholds,Check thresholds,Sprawdzaj progi,检查阈值,Sprawdzaj progi
ui.checking,Checking…,Sprawdzanie…,正在检查…,Sprawdzanie…
ui.checking_the_running_helper_version,Checking the running helper version…,Sprawdzanie wersji uruchomionego pomocnika…,正在检查运行中的辅助程序版本…,Sprawdzanie wersji uruchomionego pomocnika…
ui.checks,checks,kontroli,项检查,kontroli
ui.chip,Chip,Układ,芯片,Układ
ui.choose_folder,Choose folder…,Wybierz folder…,选择文件夹…,Wybierz folder…
ui.classic_vfd_display,Classic (VFD display),Klasyczny (wyświetlacz VFD),经典（VFD 显示）,Klasyczny (wyświetlacz VFD)
ui.clear,Clear,Wyczyść,清除,Wyczyść
ui.clear_history,Clear history,Wyczyść historię,清除历史,Wyczyść historię
ui.click_update_helper,click “Update helper”,kliknij „Zaktualizuj pomocnika”,点击“更新辅助程序”,kliknij „Zaktualizuj pomocnika”
ui.clock,Clock,Taktowanie,时钟频率,Taktowanie
ui.close,Close,Zamknij,关闭,Zamknij
ui.closed,closed,zamknięte,已关闭,zamknięte
ui.closing,closing,zamykanie,正在关闭,zamykanie
ui.closing_close_wait,closing (CLOSE_WAIT),zamykanie (CLOSE_WAIT),正在关闭（CLOSE_WAIT）,zamykanie (CLOSE_WAIT)
ui.closing_the_window_leaves_the_app_in_the_menu_bar_and_keeps_measu_26b65030,"Closing the window leaves the app in the menu bar and keeps measuring. Without a window, sampling slows down to one measurement per second.",Zamknięcie okna zostawia aplikację w pasku menu i nie przerywa pomiarów. Bez okna próbkowanie zwalnia do jednego pomiaru na sekundę.,关闭窗口后，应用仍保留在菜单栏中并继续测量。没有窗口时，采样速度降至每秒一次。,Zamknięcie okna zostawia aplikację w pasku menu i nie przerywa pomiarów. Bez okna próbkowanie zwalnia do jednego pomiaru na sekundę.
ui.code,Code,Kod,代码,Kod
ui.collapse,Collapse,Zwiń,折叠,Zwiń
ui.collisions,Collisions,Kolizje,冲突,Kolizje
ui.color,Color,Kolor,彩色,Kolor
ui.colors,Colors,Kolory,颜色,Kolory
ui.colors_022f4122,Colors…,Kolory…,颜色…,Kolory…
ui.combination,Combination,Kombinacja,组合键,Kombinacja
ui.combined,Combined,Łączone,汇总,Łączone
ui.combined_graph,Combined graph,Wykres łączny,汇总图表,Wykres łączny
ui.combined_score,Combined score,Wynik łączny,综合得分,Wynik łączny
ui.combined_transfer_of_all_disks,Combined transfer of all disks,Łączny transfer wszystkich dysków,所有磁盘的总传输量,Łączny transfer wszystkich dysków
ui.command,Command,Polecenie,命令,Polecenie
ui.committed,Committed,Zadeklarowane,已提交,Zadeklarowane
ui.compressed,compressed,skompresowane,已压缩,skompresowane
ui.compressed_4b9a1fe7,Compressed,Skompresowane,已压缩,Skompresowane
ui.compressed_80d940f9,Compressed,Skompresowana,已压缩,Skompresowana
ui.compressions_s,Compressions/s,Kompresje/s,压缩次数/s,Kompresje/s
ui.computer,Computer,Komputer,电脑,Komputer
ui.computer_name,Computer name,Nazwa komputera,电脑名称,Nazwa komputera
ui.condition,Condition,Kondycja,健康状况,Kondycja
ui.configuration_error_78,configuration error (78),błąd konfiguracji (78),配置错误（78）,błąd konfiguracji (78)
ui.configuration_file_not_found,Configuration file not found,Nie znaleziono pliku konfiguracyjnego,未找到配置文件,Nie znaleziono pliku konfiguracyjnego
ui.connected,connected,połączonych,已连接,połączonych
ui.connected_ae843f3c,Connected,Połączone,已连接,Połączone
ui.connected_d518c6e7,Connected,Podłączony,已连接,Podłączony
ui.connecting_syn_sent,connecting (SYN_SENT),łączenie (SYN_SENT),正在连接（SYN_SENT）,łączenie (SYN_SENT)
ui.connection,Connection,Połączenie,连接,Połączenie
ui.connection_details,Connection details…,Szczegóły połączeń…,连接详细信息…,Szczegóły połączeń…
ui.connection_type,Connection type,Typ połączenia,连接类型,Typ połączenia
ui.context_switches_per_second_an_approximation_of_activity_not_a_di_88c918b2,"Context switches per second; an approximation of activity, not a direct wakeup measurement.","Przełączenia kontekstu na sekundę; przybliżenie aktywności procesu, nie bezpośredni pomiar wybudzeń.",每秒上下文切换次数，用于近似反映进程活动，并非直接测量唤醒次数。,"Przełączenia kontekstu na sekundę; przybliżenie aktywności procesu, nie bezpośredni pomiar wybudzeń."
ui.context_switches_s,Context switches/s,Przełączenia kontekstu/s,上下文切换次数/s,Przełączenia kontekstu/s
ui.continue,Continue,Kontynuuj,继续,Kontynuuj
ui.continue_without_privileges,Continue without privileges,Kontynuuj bez uprawnień,不授予权限，继续,Kontynuuj bez uprawnień
ui.controller,Controller,Kontroler,控制器,Kontroler
ui.controller_cf8fee8f,Controller:,Kontroler:,控制器：,Kontroler:
ui.controller_properties,Controller properties,Właściwości kontrolera,控制器属性,Właściwości kontrolera
ui.copies_the_app_version_computer_model_and_macos_version,"Copies the app version, computer model and macOS version.","Kopiuje wersję aplikacji, model komputera i wersję macOS.",拷贝应用版本、电脑型号和 macOS 版本。,"Kopiuje wersję aplikacji, model komputera i wersję macOS."
ui.copy,Copy,Kopiuj,拷贝,Kopiuj
ui.copy_address,Copy Address,Kopiuj adres,复制地址,Kopiuj adres
ui.copy_details,Copy details,Kopiuj szczegóły,拷贝详细信息,Kopiuj szczegóły
ui.copy_identifier,Copy Identifier,Kopiuj identyfikator,复制标识符,Kopiuj identyfikator
ui.copy_label,Copy label,Kopiuj etykietę,拷贝标签,Kopiuj etykietę
ui.copy_on_write_s,Copy-on-write/s,Kopiuj przy zapisie/s,写时拷贝次数/s,Kopiuj przy zapisie/s
ui.copy_path,Copy path,Kopiuj ścieżkę,拷贝路径,Kopiuj ścieżkę
ui.copy_pid,Copy PID,Kopiuj PID,拷贝 PID,Kopiuj PID
ui.copy_process_name,Copy process name,Kopiuj nazwę procesu,拷贝进程名称,Kopiuj nazwę procesu
ui.copy_version_info,Copy version info,Kopiuj informacje o wersji,拷贝版本信息,Kopiuj informacje o wersji
ui.core_temperature,Core temperature,Temperatura rdzeni,核心温度,Temperatura rdzeni
ui.cores,cores,rdz.,个核心,rdz.
ui.cores_2cfaef3e,cores,rdzeni,个核心,rdzeni
ui.cores_e4006403,Cores,Rdzenie,核心,Rdzenie
ui.cores_expanded,Cores expanded,Rdzenie rozwinięte,核心已展开,Rdzenie rozwinięte
ui.cores_p_e,Cores (P:E),Rdzenie (P:E),核心（P:E）,Rdzenie (P:E)
ui.could_not_change_priority,Could not change priority,Nie udało się zmienić priorytetu,无法更改优先级,Nie udało się zmienić priorytetu
ui.could_not_change_the_login_item,Could not change the login item,Nie udało się zmienić uruchamiania po zalogowaniu,无法更改登录项,Nie udało się zmienić uruchamiania po zalogowaniu
ui.could_not_change_the_quick_action,Could not change the Quick Action,Nie udało się zmienić akcji szybkiej,无法更改快速操作,Nie udało się zmienić akcji szybkiej
ui.could_not_check_for_updates,Could not check for updates,Nie udało się sprawdzić aktualizacji,无法检查更新,Nie udało się sprawdzić aktualizacji
ui.could_not_confirm_the_new_helper_version_try_again_in_settings,Could not confirm the new helper version. Try again in Settings.,Nie udało się potwierdzić nowej wersji pomocnika. Spróbuj ponownie w Ustawieniach.,无法确认辅助程序的新版本。请在设置中重试。,Nie udało się potwierdzić nowej wersji pomocnika. Spróbuj ponownie w Ustawieniach.
ui.could_not_create_the_authorization,Could not create the authorization.,Nie można utworzyć autoryzacji.,无法创建授权。,Nie można utworzyć autoryzacji.
ui.could_not_quit_the_process,Could not quit the process “,Nie udało się zakończyć procesu „,无法退出进程“,Nie udało się zakończyć procesu „
ui.could_not_register_the_helper,Could not register the helper,Nie udało się zarejestrować pomocnika,无法注册辅助程序,Nie udało się zarejestrować pomocnika
ui.could_not_remove_the_helper,Could not remove the helper.,Nie udało się usunąć pomocnika.,无法移除辅助程序。,Nie udało się usunąć pomocnika.
ui.could_not_run_osascript,Could not run osascript,Nie udało się uruchomić osascript,无法运行 osascript,Nie udało się uruchomić osascript
ui.could_not_save_the_file,Could not save the file,Nie udało się zapisać pliku,无法保存文件,Nie udało się zapisać pliku
ui.could_not_send_signal,Could not send signal,Nie udało się wysłać sygnału,无法发送信号,Nie udało się wysłać sygnału
ui.could_not_start_as_administrator,Could not start as administrator,Nie udało się uruchomić jako administrator,无法以管理员身份启动,Nie udało się uruchomić jako administrator
ui.could_not_update_the_helper,Could not update the helper,Nie udało się zaktualizować pomocnika,无法更新辅助程序,Nie udało się zaktualizować pomocnika
ui.country,Country,Kraj,国家或地区,Kraj
ui.cpu,CPU,CPU,CPU,CPU
ui.cpu_all_cores,CPU – all cores,CPU – wszystkie rdzenie,CPU – 所有核心,CPU – wszystkie rdzenie
ui.cpu_all_cores_mop_s,CPU all cores (Mop/s),CPU wszystkie (Mop/s),CPU 全核（Mop/s）,CPU wszystkie (Mop/s)
ui.cpu_load_threshold,CPU load threshold (%),Próg obciążenia CPU (%),CPU 负载阈值（%）,Próg obciążenia CPU (%)
ui.cpu_power,CPU power,Moc CPU,CPU 功率,Moc CPU
ui.cpu_processes,CPU PROCESSES,PROCESÓW CPU,CPU 进程,PROCESÓW CPU
ui.cpu_ram_temperature,CPU + RAM + temperature,CPU + RAM + temperatura,CPU + RAM + 温度,CPU + RAM + temperatura
ui.cpu_share,CPU share,Udział CPU,CPU 占比,Udział CPU
ui.cpu_single_core,CPU – single core,CPU – jeden rdzeń,CPU – 单核,CPU – jeden rdzeń
ui.cpu_single_core_mop_s,CPU single core (Mop/s),CPU 1 rdzeń (Mop/s),CPU 单核（Mop/s）,CPU 1 rdzeń (Mop/s)
ui.cpu_soc_hotspot,CPU / SoC hotspot,Hotspot CPU / SoC,CPU / SoC 最高温度,Hotspot CPU / SoC
ui.cpu_temperatures_te,CPU temperatures (Te*),Temperatury CPU (Te*),CPU 温度（Te*）,Temperatury CPU (Te*)
ui.cpu_temperatures_tp,CPU temperatures (Tp*),Temperatury CPU (Tp*),CPU 温度（Tp*）,Temperatury CPU (Tp*)
ui.cpu_time,CPU time,Czas CPU,CPU 时间,Czas CPU
ui.cpu_usage,CPU usage,Obciążenie CPU,CPU 使用率,Obciążenie CPU
ui.critical,critical,krytyczna,危急,krytyczna
ui.cross_fade_changed_values,Cross-fade changed values,Przenikanie zmienionych wartości,数值变更时交叉淡化,Przenikanie zmienionych wartości
ui.current,Current,Prąd,电流,Prąd
ui.current_capacity,Current capacity,Pojemność bieżąca,当前容量,Pojemność bieżąca
ui.current_network,Current network,Bieżąca sieć,当前网络,Bieżąca sieć
ui.current_power_source,Current power source,Bieżące źródło zasilania,当前电源来源,Bieżące źródło zasilania
ui.current_state,Current state,Bieżący stan,当前状态,Bieżący stan
ui.currents,currents,prądów,项电流,prądów
ui.custom,Custom,Własny,自定,Własny
ui.cyan,Cyan,Cyjan,青色,Cyjan
ui.cycles,cycles,cykli,次循环,cykli
ui.d_libraries,%d libraries,%d bibliotek,%d 个库,%d bibliotek
ui.dark,Dark,Ciemny,深色,Ciemny
ui.date,Date,Data,日期,Data
ui.days,days,dni,天,dni
ui.dc_input,DC input,Wejście DC,DC 输入,Wejście DC
ui.decompressions_s,Decompressions/s,Dekompresje/s,解压缩次数/s,Dekompresje/s
ui.default_input,Default input,Domyślne wejście,默认输入,Domyślne wejście
ui.default_output,Default output,Domyślne wyjście,默认输出,Domyślne wyjście
ui.default_system_device,Default system device,Domyślne systemowe,默认系统设备,Domyślne systemowe
ui.depends_on,Depends on,Zależy od,依赖项,Zależy od
ui.deselect_all,Deselect all,Odznacz wszystkie,取消全选,Odznacz wszystkie
ui.design_capacity,Design capacity,Pojemność fabryczna,设计容量,Pojemność fabryczna
ui.desktop_panels,Desktop panels,Panele na pulpicie,桌面面板,Panele na pulpicie
ui.detachable,Detachable,Odłączalny,可断开,Odłączalny
ui.details,Details,Szczegóły,详细信息,Szczegóły
ui.developer_tools,Developer tools,Narzędzia programistyczne,开发者工具,Narzędzia programistyczne
ui.device,Device,Urządzenie,设备,Urządzenie
ui.device_green_renderer_blue_tiler_purple,Device (green) · Renderer (blue) · Tiler (purple),Urządzenie (zielony) · Renderer (niebieski) · Tiler (fiolet),设备（绿色）· 渲染器（蓝色）· 分块器（紫色）,Urządzenie (zielony) · Renderer (niebieski) · Tiler (fiolet)
ui.device_name,Device name,Nazwa urządzenia,设备名称,Nazwa urządzenia
ui.device_type,Device type,Typ urządzenia,设备类型,Typ urządzenia
ui.devices,Devices,Urządzenia,设备,Urządzenia
ui.devices_478bf63a,Devices:,Urządzenia:,设备：,Urządzenia:
ui.dhcp_lease,DHCP lease,Dzierżawa DHCP,DHCP 租约,Dzierżawa DHCP
ui.dhcp_server,DHCP server,Serwer DHCP,DHCP 服务器,Serwer DHCP
ui.diagnostic,Diagnostic,Diagnostyczny,诊断,Diagnostyczny
ui.diagnostics,Diagnostics,Diagnostyka,诊断,Diagnostyka
ui.directories_without_access,directories without access,katalogów bez dostępu,个无访问权限的目录,katalogów bez dostępu
ui.disable,Disable,Wyłącz (disable),停用,Wyłącz (disable)
ui.disable_helper,Disable helper,Wyłącz pomocnika,停用辅助程序,Wyłącz pomocnika
ui.disabled,Disabled,Wyłączona,已停用,Wyłączona
ui.disabled_4548eedc,disabled,wyłączona,已停用,wyłączona
ui.disabled_by_the_system,disabled by the system,wyłączona przez system,已被系统停用,wyłączona przez system
ui.discharging,discharging,rozładowanie,放电中,rozładowanie
ui.disconnected,Disconnected,Odłączony,已断开,Odłączony
ui.disk,Disk,Dysk,磁盘,Dysk
ui.disk_image,Disk image,Obraz dysku,磁盘映像,Obraz dysku
ui.disk_read,Disk read,Dysk odczyt,磁盘读取,Dysk odczyt
ui.disk_sequential_read,Disk – sequential read,Dysk – odczyt sekwencyjny,磁盘 – 顺序读取,Dysk – odczyt sekwencyjny
ui.disk_sequential_write,Disk – sequential write,Dysk – zapis sekwencyjny,磁盘 – 顺序写入,Dysk – zapis sekwencyjny
ui.disk_space,Disk space,Miejsce na dysku,磁盘空间,Miejsce na dysku
ui.disk_throughput,Disk throughput,Transfer dysków,磁盘吞吐量,Transfer dysków
ui.disk_usage_map,Disk usage map,Mapa zajętości dysku,磁盘空间分布图,Mapa zajętości dysku
ui.disk_write,Disk write,Dysk zapis,磁盘写入,Dysk zapis
ui.disks,Disks,Dyski,磁盘,Dyski
ui.display,Display,Wyświetlacz,显示器,Wyświetlacz
ui.display_type,Display type,Typ ekranu,显示器类型,Typ ekranu
ui.displays,Displays,Ekrany,显示器,Ekrany
ui.displays_b387db1b,Displays,Wyświetlacze,显示器,Wyświetlacze
ui.dns_servers,DNS servers,Serwery DNS,DNS 服务器,Serwery DNS
ui.documents,Documents,Dokumenty,文稿,Dokumenty
ui.domain,Domain,Domena,域,Domena
ui.don_t_ask_again_change_in_settings,Don't ask again (change in Settings),Nie pytaj ponownie (zmiana w Ustawieniach),不再询问（可在设置中更改）,Nie pytaj ponownie (zmiana w Ustawieniach)
ui.done,Done,Gotowe,完成,Gotowe
ui.double_click_reveals_the_file_in_finder,Double-click reveals the file in Finder.,Dwukrotne kliknięcie pokazuje plik w Finderze.,双击可在访达中显示文件。,Dwukrotne kliknięcie pokazuje plik w Finderze.
ui.double_click_reveals_the_file_in_finder_cpu_and_memory_for_other_9457e7c5,Double-click reveals the file in Finder. CPU and memory for other users' processes show “No access” — enable the privileged helper in Settings.,Dwukrotne kliknięcie pokazuje plik w Finderze. CPU i pamięć procesów innych użytkowników: „Brak dostępu” – włącz pomocnika uprzywilejowanego w Ustawieniach.,双击可在访达中显示文件。其他用户进程的 CPU 和内存显示“无访问权限”时，请在设置中启用特权辅助程序。,Dwukrotne kliknięcie pokazuje plik w Finderze. CPU i pamięć procesów innych użytkowników: „Brak dostępu” – włącz pomocnika uprzywilejowanego w Ustawieniach.
ui.down,down,nieaktywny,未启用,nieaktywny
ui.download,download,do pobrania,待下载,do pobrania
ui.download_9c97dc69,↓ Download,↓ Odbiór,↓ 接收,↓ Odbiór
ui.download_and_install,Download and install,Pobierz i zainstaluj,下载并安装,Pobierz i zainstaluj
ui.download_failed,Download failed,Pobieranie nie powiodło się,下载失败,Pobieranie nie powiodło się
ui.download_green_upload_yellow,Download (green) · upload (yellow),Odbiór (zielony) · nadawanie (żółty),接收（绿色）· 发送（黄色）,Odbiór (zielony) · nadawanie (żółty)
ui.download_upload,Download · upload,Odbiór · nadawanie,接收 · 发送,Odbiór · nadawanie
ui.downloading_and_verifying_update,Downloading and verifying update…,Pobieranie i weryfikacja aktualizacji…,正在下载并验证更新…,Pobieranie i weryfikacja aktualizacji…
ui.downloading_version,Downloading version,Pobieranie wersji,正在下载版本,Pobieranie wersji
ui.driver,Driver,Sterownik,驱动程序,Sterownik
ui.driverkit_driver,DriverKit driver,Sterownik DriverKit,DriverKit 驱动程序,Sterownik DriverKit
ui.drivers,Drivers,Sterowniki,驱动程序,Sterowniki
ui.dropped,Dropped,Odrzucone,丢弃,Odrzucone
ui.e_cluster,E cluster,klaster E,能效核心簇,klaster E
ui.e_core,E core,Rdzeń E,能效核心,Rdzeń E
ui.e_cores,E cores,Rdzenie E,能效核心,Rdzenie E
ui.each_sample_shifts_the_graph_by_this_many_pixels_a_larger_step_lo_930736f8,"Each sample shifts the graph by this many pixels. A larger step looks smoother, a smaller one fits more history.","Każdy pomiar przesuwa wykres o tyle pikseli. Większy krok daje czytelniejszy ruch, mniejszy mieści dłuższą historię.",每次采样时，图表移动的像素数。较大的步长使移动更清晰，较小的步长可容纳更长的历史。,"Każdy pomiar przesuwa wykres o tyle pikseli. Większy krok daje czytelniejszy ruch, mniejszy mieści dłuższą historię."
ui.economical_every_2_s,Economical — every 2 s,Oszczędnie — co 2 s,节能 — 每 2 s 一次,Oszczędnie — co 2 s
ui.efficiency_cluster_e,Efficiency cluster (E),Klaster energooszczędny (E),能效核心簇（E）,Klaster energooszczędny (E)
ui.efficiency_core_temperatures,Efficiency core temperatures,Temperatury rdzeni energooszczędnych,能效核心温度,Temperatury rdzeni energooszczędnych
ui.efficiency_cores,efficiency cores,rdzeni energooszczędnych,个能效核心,rdzeni energooszczędnych
ui.efficiency_cores_76075790,Efficiency cores,Rdzenie energooszczędne,能效核心,Rdzenie energooszczędne
ui.ejectable,Ejectable,Wysuwalny,可推出,Wysuwalny
ui.elevated,elevated,podwyższona,升高,podwyższona
ui.enable,Enable,Włącz (enable),启用,Włącz (enable)
ui.enable_helper,Enable helper…,Włącz pomocnika…,启用辅助程序…,Włącz pomocnika…
ui.enable_or_update_the_helper_in_settings,Enable or update the helper in Settings.,Włącz lub zaktualizuj pomocnika w Ustawieniach.,请在设置中启用或更新辅助程序。,Włącz lub zaktualizuj pomocnika w Ustawieniach.
ui.enabled,enabled,włączona,已启用,włączona
ui.enabled_and_connected,enabled and connected,włączony i połączony,已启用并连接,włączony i połączony
ui.enabled_connecting,enabled (connecting…),włączony (łączenie…),已启用（正在连接…）,włączony (łączenie…)
ui.enabled_e743d86c,Enabled,Włączony,已启用,Włączony
ui.enabled_not_running,"enabled, not running","włączony, nie działa",已启用，未运行,"włączony, nie działa"
ui.energy_impact,Energy impact,Wpływ na energię,能耗影响,Wpływ na energię
ui.energy_in_window,Energy in window,Energia w oknie,时间范围内的能耗,Energia w oknie
ui.engines,Engines,Silniki,引擎,Silniki
ui.entire_volume,Entire volume,Cały wolumin,整个宗卷,Cały wolumin
ui.errors,Errors,Błędy,错误,Błędy
ui.established,Established,Ustanowione,已建立,Ustanowione
ui.established_ba17f066,established,ustanowione,已建立,ustanowione
ui.event,Event,Zdarzenie,事件,Zdarzenie
ui.every_measurement_is_appended_to_this_file_until_you_stop,Every measurement is appended to this file until you stop,Każdy pomiar będzie dopisywany do tego pliku aż do zatrzymania,每次测量都会追加到此文件，直到停止记录,Każdy pomiar będzie dopisywany do tego pliku aż do zatrzymania
ui.everything_looks_fine,Everything looks fine,Wszystko w porządku,一切正常,Wszystko w porządku
ui.exit_code,exit code,kod wyjścia,退出代码,kod wyjścia
ui.exited,exited,zakończony,已退出,zakończony
ui.exited_0,exited (0),zakończona (0),已退出（0）,zakończona (0)
ui.exited_aee11716,Exited,Zakończony,已退出,Zakończony
ui.exited_processes_stay_in_the_list_highlighted_in_red,Exited processes stay in the list highlighted in red.,Zakończone procesy pozostają na liście podświetlone na czerwono.,已退出的进程保留在列表中，以红色高亮显示。,Zakończone procesy pozostają na liście podświetlone na czerwono.
ui.expand,Expand,Rozwiń,展开,Rozwiń
ui.expand_all,Expand all,Rozwiń wszystko,全部展开,Rozwiń wszystko
ui.export_measurement_history,Export measurement history…,Eksportuj historię pomiarów…,导出测量历史…,Eksportuj historię pomiarów…
ui.export_of_measurement_history_from_the_app_s_memory,Export of measurement history from the app's memory,Zapis historii pomiarów z pamięci aplikacji,导出应用内存中的测量历史,Zapis historii pomiarów z pamięci aplikacji
ui.export_results,Export results…,Eksportuj wyniki…,导出结果…,Eksportuj wyniki…
ui.extensions,Extensions,Rozszerzenia,扩展,Rozszerzenia
ui.extensions_indexes,extensions (indexes:,rozszerzeń (indeksy:,个扩展（索引：,rozszerzeń (indeksy:
ui.external,External,Zewnętrzny,外置,Zewnętrzny
ui.external_disk,External disk,Dysk zewnętrzny,外置磁盘,Dysk zewnętrzny
ui.fahrenheit_f,Fahrenheit (°F),Fahrenheit (°F),华氏度（°F）,Fahrenheit (°F)
ui.fans,fans,wentylatorów,风扇,wentylatorów
ui.fans_f,Fans (F*),Wentylatory (F*),风扇（F*）,Wentylatory (F*)
ui.fast_4_s,Fast — 4/s,Szybko — 4/s,快 — 4/s,Szybko — 4/s
ui.file,File,Plik,文件,Plik
ui.file_system,File system,System plików,文件系统,System plików
ui.file_type,File type,Typ pliku,文件类型,Typ pliku
ui.files,files,plików,个文件,plików
ui.filevault,FileVault,FileVault,FileVault,FileVault
ui.filter_apps,Filter apps,Filtruj aplikacje,筛选应用,Filtruj aplikacje
ui.filter_drivers,Filter drivers,Filtruj sterowniki,筛选驱动程序,Filtruj sterowniki
ui.filter_label,Filter label,Filtruj etykietę,筛选标签,Filtruj etykietę
ui.filter_name_user_or_pid,"Filter: name, user or PID","Filtruj: nazwa, użytkownik lub PID",筛选：名称、用户或 PID,"Filtruj: nazwa, użytkownik lub PID"
ui.filter_process_address_port,"Filter: process, address, port","Filtruj: proces, adres, port",筛选：进程、地址、端口,"Filtruj: proces, adres, port"
ui.filter_sensors,Filter sensors,Filtruj czujniki,筛选传感器,Filtruj czujniki
ui.filter_startup_items,Filter startup items,Filtruj elementy startowe,筛选启动项,Filtruj elementy startowe
ui.filter_users_and_processes,Filter users and processes,Filtruj użytkowników i procesy,筛选用户和进程,Filtruj użytkowników i procesy
ui.firewall,Firewall,Zapora sieciowa,防火墙,Zapora sieciowa
ui.firewall_ac69a35d,Firewall,Zapora,防火墙,Zapora
ui.firewall_status,Firewall status,Stan zapory,防火墙状态,Stan zapory
ui.firmware,Firmware,Firmware,固件,Firmware
ui.firmware_version,Firmware version,Wersja firmware,固件版本,Wersja firmware
ui.fit_to_view,Fit to view,Powrót do pełnego widoku,适合窗口,Powrót do pełnego widoku
ui.fit_widths_to_content,Fit widths to content,Dopasuj szerokości do zawartości,根据内容调整列宽,Dopasuj szerokości do zawartości
ui.flash_drive,Flash drive,Pendrive,闪存驱动器,Pendrive
ui.flat_list,Flat list,Lista płaska,平面列表,Lista płaska
ui.flow,Flow,Przepływ,流量,Przepływ
ui.footprint,Footprint,Ślad (footprint),实际内存占用,Ślad (footprint)
ui.for_at_least,for at least,przez co najmniej,持续至少,przez co najmniej
ui.force,Force,Wymuś,强制,Wymuś
ui.force_quit,Force quit,Wymuś zakończenie,强制退出,Wymuś zakończenie
ui.force_quit_process,Force quit process,Wymuś zakończenie procesu,强制退出进程,Wymuś zakończenie procesu
ui.force_quit_process_tree,Force quit process tree,Wymuś zakończenie drzewa procesów,强制退出进程树,Wymuś zakończenie drzewa procesów
ui.force_quit_the_process,Force quit the process “,Wymusić zakończenie procesu „,强制退出进程“,Wymusić zakończenie procesu „
ui.force_quit_the_process_tree,Force quit the process tree “,Wymusić zakończenie drzewa procesów „,强制退出进程树“,Wymusić zakończenie drzewa procesów „
ui.form_factor,Form factor,Format,外形规格,Format
ui.format,Format,Formatowanie,格式,Formatowanie
ui.frameworks,Frameworks,Frameworki,框架,Frameworki
ui.free,free,wolne,可用,wolne
ui.free_15573d39,Free,Wolna,可用,Wolna
ui.free_d8176abf,Free,Wolne,可用,Wolne
ui.free_of,free of,wolnego z,可用，总容量,wolnego z
ui.free_space,Free space,Wolne miejsce,可用空间,Wolne miejsce
ui.free_space_on_the_system_disk_below_this_value,Free space on the system disk below this value.,Wolne miejsce na dysku systemowym poniżej tej wartości.,系统磁盘可用空间低于此数值时触发。,Wolne miejsce na dysku systemowym poniżej tej wartości.
ui.free_space_threshold,Free space threshold (%),Próg wolnego miejsca (%),可用空间阈值（%）,Próg wolnego miejsca (%)
ui.free_that_is,"free, that is","wolnego, czyli",可用，即,"wolnego, czyli"
ui.frequency_driver,Frequency driver,Sterownik częstotliwości,频率驱动程序,Sterownik częstotliwości
ui.frequency_governor,Frequency governor,Regulator częstotliwości,频率调节器,Regulator częstotliwości
ui.full_process_data_and_energy_counters,Full process data and energy counters,Pełne dane procesów i liczniki energii,完整进程数据与能耗计数器,Pełne dane procesów i liczniki energii
ui.full_process_data_and_energy_counters_without_a_password_at_launc_8c2b863a,Full process data and energy counters without a password at launch,Pełne dane procesów i liczniki energii bez hasła przy starcie,完整进程数据与能耗计数器，启动时无需密码,Pełne dane procesów i liczniki energii bez hasła przy starcie
ui.fully_charged,Fully charged,Naładowana,已充满,Naładowana
ui.gatekeeper,Gatekeeper,Gatekeeper,Gatekeeper,Gatekeeper
ui.generation,Generation,Generacja,代数,Generacja
ui.global_shortcut,Global shortcut,Skrót globalny,全局快捷键,Skrót globalny
ui.gpu,GPU,GPU,GPU,GPU
ui.gpu_clock,GPU clock,Taktowanie GPU,GPU 频率,Taktowanie GPU
ui.gpu_compute_metal,GPU – compute (Metal),GPU – obliczenia (Metal),GPU – 计算（Metal）,GPU – obliczenia (Metal)
ui.gpu_memory_in_use,GPU memory in use,Pamięć GPU w użyciu,已用 GPU 内存,Pamięć GPU w użyciu
ui.gpu_power,GPU power,Moc GPU,GPU 功率,Moc GPU
ui.gpu_temperatures,GPU temperatures,Temperatury GPU,GPU 温度,Temperatury GPU
ui.graph_bloom_exceeds_the_sdr_range_display_headroom_1f,Graph bloom exceeds the SDR range (display headroom %.1f×).,Poświata wykresów wychodzi poza zakres SDR (zapas jasności ekranu %.1f×).,图表辉光超出 SDR 范围（显示器亮度余量 %.1f×）。,Poświata wykresów wychodzi poza zakres SDR (zapas jasności ekranu %.1f×).
ui.graph_history_length,Graph history length,Długość historii wykresów,图表历史长度,Długość historii wykresów
ui.graph_only,Graph only,Tylko wykres,仅图表,Tylko wykres
ui.graph_range,Graph range,Zakres wykresów,图表范围,Zakres wykresów
ui.graph_step_per_sample,Graph step per sample,Krok wykresu na pomiar,每次采样的图表步长,Krok wykresu na pomiar
ui.graph_time_range,Graph time range,Zakres czasu wykresów,图表时间范围,Zakres czasu wykresów
ui.graphics,Graphics,Grafika,图形,Grafika
ui.graphics_and_displays,Graphics and displays,Grafika i ekrany,图形与显示器,Grafika i ekrany
ui.graphics_processor_utilization,Graphics processor utilization,Wykorzystanie układu graficznego,图形处理器使用率,Wykorzystanie układu graficznego
ui.graphs_and_refresh,Graphs and refresh,Wykresy i odświeżanie,图表与刷新,Wykresy i odświeżanie
ui.graphs_glide_between_samples_turn_off_to_redraw_only_when_new_dat_eaec4c87,Graphs glide between samples. Turn off to redraw only when new data arrives.,"Wykresy przesuwają się płynnie między pomiarami. Wyłącz, aby przerysowywać tylko przy nowych danych.",图表在采样之间平滑滚动。关闭后，仅在收到新数据时重绘。,"Wykresy przesuwają się płynnie między pomiarami. Wyłącz, aby przerysowywać tylko przy nowych danych."
ui.green,Green,Zielony,绿色,Zielony
ui.group,Group,Grupa,群组,Grupa
ui.gui_session,GUI (session),GUI (sesja),GUI（会话）,GUI (sesja)
ui.hardware,"hardware: ","sprzętowo: ","硬件： ","sprzętowo: "
ui.hardware_3c877548,Hardware,Sprzęt,硬件,Sprzęt
ui.hardware_address,Hardware address,Adres sprzętowy,硬件地址,Adres sprzętowy
ui.hardware_blocks,Hardware blocks,Bloki sprzętowe,硬件模块,Bloki sprzętowe
ui.hardware_decoding,Hardware decoding,Dekodowanie sprzętowe,硬件解码,Dekodowanie sprzętowe
ui.hardware_encoders,Hardware encoders,Kodery sprzętowe,硬件编码器,Kodery sprzętowe
ui.hardware_overview,Hardware overview,Przegląd sprzętu,硬件概览,Przegląd sprzętu
ui.hardware_revision,Hardware revision,Rewizja sprzętu,硬件修订版本,Rewizja sprzętu
ui.hardware_uuid,Hardware UUID,UUID sprzętu,硬件 UUID,UUID sprzętu
ui.has_no_plist_in_the_standard_directories_it_may_be_built_into_the_225b6888,has no .plist in the standard directories. It may be built into the system.,nie ma pliku .plist w standardowych katalogach. Może być wbudowana w system.,在标准目录中没有 .plist 文件。可能内置于系统中。,nie ma pliku .plist w standardowych katalogach. Może być wbudowana w system.
ui.health,Health,Zdrowie,健康设备,Zdrowie
ui.healthy_verified,Healthy (Verified),Sprawny (Verified),正常（Verified）,Sprawny (Verified)
ui.heavy_swap_usage,Heavy swap usage,Duże użycie swapu,交换空间使用量过大,Duże użycie swapu
ui.helper,Helper,Pomocnik,辅助程序,Pomocnik
ui.helper_active,helper active,pomocnik aktywny,辅助程序运行中,pomocnik aktywny
ui.helper_and_privileges,Helper and privileges,Pomocnik i uprawnienia,辅助程序与权限,Pomocnik i uprawnienia
ui.helper_binary_not_found_in_the_bundle,helper binary not found in the bundle,nie znaleziono pliku pomocnika w pakiecie,应用包中未找到辅助程序可执行文件,nie znaleziono pliku pomocnika w pakiecie
ui.helper_inactive,Helper inactive,Pomocnik nieaktywny,辅助程序未运行,Pomocnik nieaktywny
ui.hidden_or_location_access_not_granted,hidden or location access not granted,ukryta lub brak zgody na lokalizację,已隐藏或未授予位置访问权限,ukryta lub brak zgody na lokalizację
ui.hide_vitals,Hide Vitals,Ukryj Vitals,隐藏 Vitals,Ukryj Vitals
ui.high_cpu_load,High CPU load,Wysokie obciążenie procesora,CPU 负载过高,Wysokie obciążenie procesora
ui.high_nice_10_requires_administrator,"High (nice -10, requires administrator)","Wysoki (nice -10, wymaga administratora)",高（nice -10，需要管理员权限）,"Wysoki (nice -10, wymaga administratora)"
ui.high_temperature,High temperature,Wysoka temperatura,温度过高,Wysoka temperatura
ui.highest_cpu_core_temperature_tp_performance_and_te_efficiency_sen_e6c5ae61,Highest CPU core temperature: Tp (performance) and Te (efficiency) sensors.,Najwyższa temperatura rdzeni procesora: czujniki Tp (rdzenie wydajnościowe) i Te (energooszczędne).,CPU 核心最高温度：Tp（性能核心）和 Te（能效核心）传感器。,Najwyższa temperatura rdzeni procesora: czujniki Tp (rdzenie wydajnościowe) i Te (energooszczędne).
ui.highlight_changed_values,Highlight changed values,Podświetlaj zmienione wartości,高亮显示变更的数值,Podświetlaj zmienione wartości
ui.home_folder,Home folder,Katalog domowy,个人文件夹,Katalog domowy
ui.host_name,Host name,Nazwa hosta,主机名,Nazwa hosta
ui.hotspot,Hotspot,Hotspot,最高温度,Hotspot
ui.hottest_sensor,Hottest sensor,Najgorętszy czujnik,最高温度传感器,Najgorętszy czujnik
ui.hottest_sensor_above_this_value,Hottest sensor above this value.,Najgorętszy czujnik powyżej tej wartości.,最高温度传感器超过此数值时触发。,Najgorętszy czujnik powyżej tej wartości.
ui.how_long_exited_stay_visible,How long exited stay visible,Czas wyświetlania zakończonych,已退出进程的保留时间,Czas wyświetlania zakończonych
ui.how_much_history_the_graph_next_to_a_menu_bar_item_holds,How much history the graph next to a menu bar item holds.,Ile historii mieści wykres przy pozycji w pasku menu.,菜单栏项目旁的图表显示的历史时长。,Ile historii mieści wykres przy pozycji w pasku menu.
ui.how_much_history_the_summary_and_performance_graphs_hold_a_longer_0dcf3ccd,How much history the Summary and Performance graphs hold. A longer range means denser sampling.,Ile historii mieszczą wykresy w Podsumowaniu i Wydajności. Dłuższy zakres = gęstsze próbkowanie.,“概览”和“性能”图表显示的历史时长。范围越长，采样点越密集。,Ile historii mieszczą wykresy w Podsumowaniu i Wydajności. Dłuższy zakres = gęstsze próbkowanie.
ui.how_much_history_the_summary_and_performance_graphs_hold_a_longer_2ad50713,"How much history the Summary and Performance graphs hold. A longer range means denser samples and slower, finer motion.","Ile historii mieszczą wykresy w Podsumowaniu i Wydajności. Dłuższy zakres = gęstsze próbki i wolniejszy, drobniejszy ruch.",“概览”和“性能”图表显示的历史时长。范围越长，采样点越密集，滚动越慢、越细腻。,"Ile historii mieszczą wykresy w Podsumowaniu i Wydajności. Dłuższy zakres = gęstsze próbki i wolniejszy, drobniejszy ruch."
ui.i_o_queue_busy_sums_parallel_operations_on_nvme_it_often_reaches_fe772581,"I/O queue busy (%) — sums parallel operations, on NVMe it often reaches 100%","Zajętość kolejek we/wy (%) — suma równoległych operacji, przy NVMe często dochodzi do 100%",I/O 队列忙碌度（%）— 并行操作之和，NVMe 常可达到 100%,"Zajętość kolejek we/wy (%) — suma równoległych operacji, przy NVMe często dochodzi do 100%"
ui.identifier,Identifier,Identyfikator,标识符,Identyfikator
ui.identity,IDENTITY,TOŻSAMOŚĆ,身份信息,TOŻSAMOŚĆ
ui.idle,idle,bezczynny,空闲,bezczynny
ui.idle_19,Idle (19),Bezczynny (19),空闲（19）,Bezczynny (19)
ui.idle_191c94a3,Idle,Bezczynność,空闲,Bezczynność
ui.idle_power_gated,idle (power gated),bezczynny (power gated),空闲（电源已门控）,bezczynny (power gated)
ui.image_processor_isp,Image processor (ISP),Procesor obrazu (ISP),图像处理器（ISP）,Procesor obrazu (ISP)
ui.imaging_printer,Imaging / printer,Obraz / drukarka,成像设备 / 打印机,Obraz / drukarka
ui.in_the_swap_file,in the swap file,w pliku wymiany,在交换文件中,w pliku wymiany
ui.in_use,In use,W użyciu,使用中,W użyciu
ui.inactive,Inactive,Nieaktywny,未活跃,Nieaktywny
ui.inactive_0dbc1d6f,Inactive,Nieaktywna,未活跃,Nieaktywna
ui.inactive_7e1d5d47,Inactive,Nieaktywne,未活跃,Nieaktywne
ui.incomplete_connection_scan,Incomplete connection scan,Niepełny odczyt połączeń,连接扫描不完整,Niepełny odczyt połączeń
ui.individual_disks_are_further_down_the_list,individual disks are further down the list,pojedyncze dyski są niżej na liście,各磁盘位于列表下方,pojedyncze dyski są niżej na liście
ui.info,Info,Informacja,信息,Informacja
ui.information,Information,Informacje,信息,Informacje
ui.input_source,Input source,Źródło wejścia,输入来源,Źródło wejścia
ui.inputs,Inputs,Wejścia,输入,Wejścia
ui.inspect,Inspect…,Inspekcja…,检查…,Inspekcja…
ui.install_and_relaunch,Install and relaunch,Zainstaluj i uruchom ponownie,安装并重新启动,Zainstaluj i uruchom ponownie
ui.install_history,Install history,Historia instalacji,安装历史,Historia instalacji
ui.install_quick_action,Install Quick Action…,Zainstaluj akcję szybką…,安装快速操作…,Zainstaluj akcję szybką…
ui.install_version,Install version,Zainstalować wersję,安装版本,Zainstalować wersję
ui.installation_failed,Installation failed,Instalacja nie powiodła się,安装失败,Instalacja nie powiodła się
ui.installed,Installed,Zainstalowana,已安装,Zainstalowana
ui.installed_and_connected,installed and connected,zainstalowany i połączony,已安装并连接,zainstalowany i połączony
ui.installed_apps,Installed apps,Zainstalowane aplikacje,已安装的应用,Zainstalowane aplikacje
ui.installed_connecting,"installed, connecting…","zainstalowany, łączenie…",已安装，正在连接…,"zainstalowany, łączenie…"
ui.installed_in_the_system,Installed in the system,Zainstalowane w systemie,已安装到系统,Zainstalowane w systemie
ui.installed_on,Installed on,Data instalacji,安装日期,Data instalacji
ui.installed_version,Installed version,Zainstalowana wersja,已安装版本,Zainstalowana wersja
ui.installed_version_38df29e6,"installed, version","zainstalowany, wersja",已安装，版本,"zainstalowany, wersja"
ui.installs_a_show_vitals_quick_action_a_shortcut_assigned_to_it_in_bff072cb,Installs a “Show Vitals” Quick Action. A shortcut assigned to it in System Settings → Keyboard → Keyboard Shortcuts → Services launches the app even when it is fully quit.,"Instaluje akcję szybką „Pokaż Vitals”. Skrót przypisany jej w Ustawieniach systemowych → Klawiatura → Skróty klawiszowe → Usługi uruchamia aplikację nawet wtedy, gdy jest całkiem zamknięta.",安装“显示 Vitals”快速操作。在系统设置 → 键盘 → 键盘快捷键 → 服务中指定快捷键后，即使应用已完全退出，也能启动应用。,"Instaluje akcję szybką „Pokaż Vitals”. Skrót przypisany jej w Ustawieniach systemowych → Klawiatura → Skróty klawiszowe → Usługi uruchamia aplikację nawet wtedy, gdy jest całkiem zamknięta."
ui.installs_a_small_helper_launchdaemon_from_this_bundle_macos_asks_76bfdd8c,Installs a small helper (LaunchDaemon) from this bundle. macOS asks for a one-time approval in System Settings → General → Login Items & Extensions. The helper runs in the background as administrator and passes only the process list and power readings to the app over XPC.,Instaluje w systemie mały pomocnik (LaunchDaemon) z tego pakietu. macOS poprosi o jednorazowe zatwierdzenie w Ustawieniach systemowych → Ogólne → Elementy logowania i rozszerzenia. Pomocnik działa w tle jako administrator i przekazuje aplikacji przez XPC tylko listę procesów i odczyty mocy.,从此应用包安装一个小型辅助程序（LaunchDaemon）。macOS 会要求在系统设置 → 通用 → 登录项与扩展中批准一次。辅助程序在后台以管理员身份运行，通过 XPC 仅向应用提供进程列表和功率读数。,Instaluje w systemie mały pomocnik (LaunchDaemon) z tego pakietu. macOS poprosi o jednorazowe zatwierdzenie w Ustawieniach systemowych → Ogólne → Elementy logowania i rozszerzenia. Pomocnik działa w tle jako administrator i przekazuje aplikacji przez XPC tylko listę procesów i odczyty mocy.
ui.installs_a_small_helper_launchdaemon_with_administrator_privilege_64a5a143,Installs a small helper (LaunchDaemon) with administrator privileges in the system.,Instaluje w systemie mały pomocnik (LaunchDaemon) z uprawnieniami administratora.,在系统中安装一个具有管理员权限的小型辅助程序（LaunchDaemon）。,Instaluje w systemie mały pomocnik (LaunchDaemon) z uprawnieniami administratora.
ui.integrated,Integrated,Zintegrowane,集成,Zintegrowane
ui.interface,Interface,Interfejs,接口,Interfejs
ui.interface_language,Interface language,Język interfejsu,界面语言,Język interfejsu
ui.interface_style,Interface style,Styl interfejsu,界面样式,Styl interfejsu
ui.interfaces,Interfaces,Interfejsy,接口,Interfejsy
ui.interfaces_in_total,interfaces in total,interfejsów łącznie,个接口（总计）,interfejsów łącznie
ui.internal,Internal,Wewnętrzny,内置,Wewnętrzny
ui.internal_disk,Internal disk,Dysk wewnętrzny,内置磁盘,Dysk wewnętrzny
ui.ip_address,IP address,Adres IP,IP 地址,Adres IP
ui.ipv4_address,IPv4 address,Adres IPv4,IPv4 地址,Adres IPv4
ui.ipv6_address,IPv6 address,Adres IPv6,IPv6 地址,Adres IPv6
ui.item,Item,Pozycja,项目,Pozycja
ui.item_appearance,Item appearance,Wygląd pozycji,项目外观,Wygląd pozycji
ui.items,items,elementów,个项目,elementów
ui.items_52274c4c,Items,Elementy,项目,Elementy
ui.keep_alive,Keep alive,Utrzymywanie (KeepAlive),保持运行,Utrzymywanie (KeepAlive)
ui.keep_running_after_the_window_closes,Keep running after the window closes,Działaj dalej po zamknięciu okna,关闭窗口后继续运行,Działaj dalej po zamknięciu okna
ui.kernel,Kernel,Jądro,内核,Jądro
ui.kernel_7a4fdacc,kernel,jądro,内核,jądro
ui.kernel_collection_boot_kernel_collection,kernel collection (Boot Kernel Collection),kolekcja jądra (Boot Kernel Collection),内核集合（Boot Kernel Collection）,kolekcja jądra (Boot Kernel Collection)
ui.kernel_extension,Kernel extension,Rozszerzenie jądra,内核扩展,Rozszerzenie jądra
ui.kernel_system,Kernel (system),Jądro (system),内核（系统）,Jądro (system)
ui.kernel_version,Kernel version,Wersja jądra,内核版本,Wersja jądra
ui.keyboard,Keyboard,Klawiatura,键盘,Klawiatura
ui.kind,Kind,Rodzaj,种类,Rodzaj
ui.l1_cache_i_d,L1 cache (I/D),Pamięć L1 (I/D),L1 缓存（I/D）,Pamięć L1 (I/D)
ui.l2_cache_p_e,L2 cache (P/E),Pamięć L2 (P/E),L2 缓存（P/E）,Pamięć L2 (P/E)
ui.l3_cache,L3 cache,Pamięć L3,L3 缓存,Pamięć L3
ui.label,Label,Etykieta,标签,Etykieta
ui.language_and_region,Language and region,Język i region,语言与地区,Język i region
ui.language_changed,Language changed,Zmieniono język,语言已更改,Zmieniono język
ui.languages,Languages,Języki,语言,Języki
ui.largest_files,Largest files,Największe pliki,最大的文件,Największe pliki
ui.largest_folders,Largest folders,Największe foldery,最大的文件夹,Największe foldery
ui.largest_processes_memory,Largest processes (memory),Największe procesy (pamięć),内存占用最多的进程,Największe procesy (pamięć)
ui.last_modified,Last modified,Ostatnia modyfikacja,上次修改,Ostatnia modyfikacja
ui.last_opened,Last opened,Ostatnio otwarta,上次打开,Ostatnio otwarta
ui.last_score,Last score,Ostatni wynik,上次得分,Ostatni wynik
ui.last_test,Last test,Ostatni test,上次测试,Ostatni test
ui.later,Later,Później,稍后,Później
ui.launch_at_login,Launch at login,Uruchamiaj po zalogowaniu,登录时启动,Uruchamiaj po zalogowaniu
ui.level,Level,Poziom,级别,Poziom
ui.licensed_under_gnu_gpl_v3_or_later_with_no_warranty,"licensed under GNU GPL v3 or later, with no warranty.","licencja GNU GPL v3 lub nowsza, bez żadnej gwarancji.",遵循 GNU GPL v3 或更新版本许可，不提供任何担保。,"licencja GNU GPL v3 lub nowsza, bez żadnej gwarancji."
ui.lifetime,LIFETIME,CZAS ŻYCIA,生命周期,CZAS ŻYCIA
ui.light,Light,Jasny,浅色,Jasny
ui.link,Link,Łącze,链路,Łącze
ui.link_speed,Link speed,Szybkość łącza,链路速度,Szybkość łącza
ui.link_speed_4e8685ce,Link speed,Prędkość łącza,链路速度,Prędkość łącza
ui.listening,listening,nasłuchujące,正在监听,nasłuchujące
ui.listening_6735939d,Listening,Nasłuchujące,正在监听,Nasłuchujące
ui.listening_69fa7973,listening,nasłuchuje,正在监听,nasłuchuje
ui.live,Live,Na żywo,实时,Na żywo
ui.load,load,obciążenie,负载,obciążenie
ui.load_1_5_15_min,Load 1 / 5 / 15 min,Obciążenie 1 / 5 / 15 min,1 / 5 / 15 min 负载,Obciążenie 1 / 5 / 15 min
ui.load_2f,Load %.2f,Obciążenie %.2f,负载 %.2f,Obciążenie %.2f
ui.load_index,Load index,Indeks ładowania,载入索引,Indeks ładowania
ui.loaded,Loaded,Załadowane,已载入,Załadowane
ui.loaded_ee1e8cdd,Loaded,Załadowany,已载入,Załadowany
ui.loading,Loading…,Ładowanie…,正在载入…,Ładowanie…
ui.loading_313050bf,loading…,ładowanie…,正在载入…,ładowanie…
ui.loading_data_from_system_profiler,Loading data from system_profiler…,Ładowanie danych z system_profiler…,正在从 system_profiler 载入数据…,Ładowanie danych z system_profiler…
ui.loading_this_category_can_take_a_dozen_seconds,loading… (this category can take a dozen seconds),ładowanie… (ta kategoria może potrwać kilkanaście sekund),正在载入…（此类别可能需要十几秒）,ładowanie… (ta kategoria może potrwać kilkanaście sekund)
ui.local,Local,Lokalne,本地,Lokalne
ui.local_address,Local address,Adres lokalny,本地地址,Adres lokalny
ui.local_port,Local port,Port lokalny,本地端口,Port lokalny
ui.location,Location,Lokalizacja,位置,Lokalizacja
ui.location_25f9d38e,Location,Położenie,位置,Położenie
ui.location_access_not_granted,location access not granted,brak zgody na lokalizację,未授予位置访问权限,brak zgody na lokalizację
ui.location_id,Location ID,ID lokalizacji,位置 ID,ID lokalizacji
ui.locations,Locations,Lokalizacje,位置,Lokalizacje
ui.logging,Logging,Logowanie,日志记录,Logowanie
ui.logical_cpus,logical CPUs,procesorów logicznych,个逻辑 CPU,procesorów logicznych
ui.logical_processors,Logical processors,Procesory logiczne,逻辑处理器,Procesory logiczne
ui.login_item,Login item,Element logowania,登录项,Element logowania
ui.login_item_without_a_path,(login item without a path),(element logowania bez ścieżki),（登录项没有路径）,(element logowania bez ścieżki)
ui.login_items_are_managed_in_system_settings,Login items are managed in System Settings,Elementy logowania zarządza się w Ustawieniach systemowych,登录项在系统设置中管理,Elementy logowania zarządza się w Ustawieniach systemowych
ui.long_uptime,Long uptime,Długi czas pracy,运行时间过长,Długi czas pracy
ui.loopback,Loopback,Pętla zwrotna,回环,Pętla zwrotna
ui.low_10,Low (10),Niski (10),低（10）,Niski (10)
ui.low_battery,Low battery,Niski poziom baterii,电池电量低,Niski poziom baterii
ui.low_power,Low power,Niski pobór energii,低电量模式,Niski pobór energii
ui.low_space_on_system_disk,Low space on system disk,Mało miejsca na dysku systemowym,系统磁盘空间不足,Mało miejsca na dysku systemowym
ui.mac_address,MAC address,Adres MAC,MAC 地址,Adres MAC
ui.macos_exposes_cpu_and_memory_of_other_users_processes_and_the_cpu_8decbaf7,macOS exposes CPU and memory of other users' processes and the CPU / GPU / ANE energy counters only to processes with administrator privileges.,macOS udostępnia CPU i pamięć procesów innych użytkowników oraz liczniki energii CPU / GPU / ANE tylko procesom z uprawnieniami administratora.,macOS 仅向具有管理员权限的进程提供其他用户进程的 CPU 和内存数据，以及 CPU / GPU / ANE 能耗计数器。,macOS udostępnia CPU i pamięć procesów innych użytkowników oraz liczniki energii CPU / GPU / ANE tylko procesom z uprawnieniami administratora.
ui.macos_exposes_cpu_and_memory_of_other_users_processes_and_the_ene_33450d7b,macOS exposes CPU and memory of other users' processes and the energy counters only with administrator privileges.,macOS udostępnia CPU i pamięć procesów innych użytkowników oraz liczniki energii tylko z uprawnieniami administratora.,macOS 仅在具有管理员权限时提供其他用户进程的 CPU 和内存数据，以及能耗计数器。,macOS udostępnia CPU i pamięć procesów innych użytkowników oraz liczniki energii tylko z uprawnieniami administratora.
ui.macos_exposes_cpu_memory_and_threads_of_other_users_processes_and_69afe764,"macOS exposes CPU, memory and threads of other users' processes and the CPU / GPU / Neural Engine energy counters only to processes with administrator privileges. Without them, these fields show “No access”.

After you click “Run as administrator”, the system requests your password in the standard macOS dialog and the app restarts.","macOS udostępnia CPU, pamięć i wątki procesów innych użytkowników oraz liczniki energii CPU / GPU / Neural Engine tylko procesom z uprawnieniami administratora. Bez nich te pola pokażą „Brak dostępu”.

Po kliknięciu „Uruchom jako administrator” system poprosi o hasło w standardowym oknie macOS i aplikacja uruchomi się ponownie.","macOS 仅向具有管理员权限的进程提供其他用户进程的 CPU、内存和线程数据，以及 CPU / GPU / Neural Engine 能耗计数器。没有这些权限时，相关字段将显示“无访问权限”。

点击“以管理员身份运行”后，系统会在标准 macOS 对话框中请求密码，然后重新启动应用。","macOS udostępnia CPU, pamięć i wątki procesów innych użytkowników oraz liczniki energii CPU / GPU / Neural Engine tylko procesom z uprawnieniami administratora. Bez nich te pola pokażą „Brak dostępu”.

Po kliknięciu „Uruchom jako administrator” system poprosi o hasło w standardowym oknie macOS i aplikacja uruchomi się ponownie."
ui.macos_reports_state,macOS reports state,macOS zgłasza stan,macOS 报告的状态,macOS zgłasza stan
ui.macos_reveals_the_network_name_ssid_only_to_apps_with_location_ac_e83bfc7e,macOS reveals the network name (SSID) only to apps with location access,macOS udostępnia nazwę sieci (SSID) tylko aplikacjom ze zgodą na dostęp do lokalizacji,macOS 仅向获准访问位置的应用提供网络名称（SSID）,macOS udostępnia nazwę sieci (SSID) tylko aplikacjom ze zgodą na dostęp do lokalizacji
ui.magenta,Magenta,Magenta,品红色,Magenta
ui.main_display,Main display,Ekran główny,主显示器,Ekran główny
ui.managed_by_apple,Managed by Apple,Zarządzane przez Apple,由 Apple 管理,Zarządzane przez Apple
ui.max,max,maks.,最大,maks.
ui.max_afff627f,Max,Maks,最大,Maks
ui.max_capacity,Max capacity,Maks. pojemność,最大容量,Maks. pojemność
ui.maximum_buffer,Maximum buffer,Maksymalny bufor,最大缓冲区,Maksymalny bufor
ui.measurement_recording_stopped,Measurement recording stopped,Nagrywanie pomiarów zostało przerwane,测量记录已停止,Nagrywanie pomiarów zostało przerwane
ui.measurements,measurements,pomiary,测量,pomiary
ui.measurements_to_file,measurements to file,pomiarów do pliku,次测量已记录到文件,pomiarów do pliku
ui.measuring,measuring,pomiar aktywny,正在测量,pomiar aktywny
ui.media,Media,Multimedia,媒体,Multimedia
ui.media_engine,Media Engine,Silnik multimedialny (Media Engine),媒体引擎,Silnik multimedialny (Media Engine)
ui.media_engine_activity,Media engine activity,Aktywność silników wideo (media engine),媒体引擎活动,Aktywność silników wideo (media engine)
ui.media_errors,media errors,błędy nośnika,介质错误,błędy nośnika
ui.media_errors_26201192,Media errors,Błędy nośnika,介质错误,Błędy nośnika
ui.medium,Medium,Medium,介质,Medium
ui.medium_1d0a9838,Medium,Nośnik,介质,Nośnik
ui.medium_type,Medium type,Rodzaj nośnika,介质类型,Rodzaj nośnika
ui.memory,Memory,Pamięć,内存,Pamięć
ui.memory_36244e5d,MEMORY,PAMIĘĆ,内存,PAMIĘĆ
ui.memory_bandwidth,Memory – bandwidth,Pamięć – przepustowość,内存 – 带宽,Pamięć – przepustowość
ui.memory_card,Memory card,Karta pamięci,存储卡,Karta pamięci
ui.memory_core,Memory core,Rdzeń pamięci,内存核心,Rdzeń pamięci
ui.memory_footprint,Memory (footprint),Pamięć (footprint),内存（实际占用）,Pamięć (footprint)
ui.memory_gb_s,Memory (GB/s),Pamięć (GB/s),内存（GB/s）,Pamięć (GB/s)
ui.memory_in_use,Memory in use,Pamięć w użyciu,已用内存,Pamięć w użyciu
ui.memory_pressure,Memory pressure,Presja pamięci,内存压力,Presja pamięci
ui.memory_temperatures,Memory temperatures,Temperatury pamięci,内存温度,Temperatury pamięci
ui.memory_usage,Memory usage,Wykorzystanie pamięci,内存使用率,Wykorzystanie pamięci
ui.menu_bar,Menu bar,Pasek menu,菜单栏,Pasek menu
ui.menu_bar_and_status_bar,Menu bar and status bar,Pasek menu i pasek stanu,菜单栏与状态栏,Pasek menu i pasek stanu
ui.menu_bar_icon,Menu bar icon,Ikona w pasku menu,菜单栏图标,Ikona w pasku menu
ui.metal_family,Metal family,Rodzina Metal,Metal 系列,Rodzina Metal
ui.min,Min,Min,最小,Min
ui.mini_graph_time_range,Mini graph time range,Zakres czasu mini wykresów,迷你图表时间范围,Zakres czasu mini wykresów
ui.minimize,Minimize,Minimalizuj,最小化,Minimalizuj
ui.minor_notes,Minor notes,Drobne uwagi,轻微问题,Drobne uwagi
ui.mirroring,Mirroring,Klonowanie,镜像,Klonowanie
ui.mixed,mixed,różne,混合,różne
ui.mixed_c7e6f1da,Mixed,Mieszany,混合,Mieszany
ui.model,Model,Model,型号,Model
ui.model_identifier,Model identifier,Identyfikator modelu,机型标识符,Identyfikator modelu
ui.model_name,Model name,Nazwa modelu,机型名称,Nazwa modelu
ui.model_number,Model number,Numer modelu,型号,Numer modelu
ui.modern_macos,Modern macOS,Nowoczesny macOS,现代 macOS,Nowoczesny macOS
ui.modern_shadowed_cards_solid_bars_thin_graph_lines_and_the_system_3a5c7ffa,"Modern: shadowed cards, solid bars, thin graph lines and the system accent. Classic: segmented LED bars, bloom and frames in subsystem colors. Some elements adopt the new style after a restart.","Nowoczesny: karty z cieniem, jednolite paski, cienkie linie wykresów i akcent systemowy. Klasyczny: segmentowe paski LED, poświata i ramki w kolorach podsystemów. Część elementów przyjmuje nowy styl po ponownym uruchomieniu.",现代：带阴影的卡片、实心进度条、细图表线条和系统强调色。经典：分段 LED 条、辉光和子系统配色边框。部分元素需重新启动后才会采用新样式。,"Nowoczesny: karty z cieniem, jednolite paski, cienkie linie wykresów i akcent systemowy. Klasyczny: segmentowe paski LED, poświata i ramki w kolorach podsystemów. Część elementów przyjmuje nowy styl po ponownym uruchomieniu."
ui.modified,Modified,Zmodyfikowana,修改时间,Zmodyfikowana
ui.monitoring_profile,Monitoring profile,Profil monitorowania,监控配置,Profil monitorowania
ui.mono,Mono,Mono,单色,Mono
ui.monochrome_modes_emulate_phosphor_displays,Monochrome modes emulate phosphor displays.,Tryby monochromatyczne odwzorowują monitory fosforowe.,单色模式模拟荧光屏显示效果。,Tryby monochromatyczne odwzorowują monitory fosforowe.
ui.most_active_processes,MOST ACTIVE PROCESSES,NAJAKTYWNIEJSZE PROCESY,最活跃的进程,NAJAKTYWNIEJSZE PROCESY
ui.mount_point,Mount point,Punkt montowania,挂载点,Punkt montowania
ui.mouse_trackpad,Mouse / trackpad,Mysz / gładzik,鼠标 / 触控板,Mysz / gładzik
ui.move,Move “,Przenieść „,将“,Przenieść „
ui.move_to_trash,Move to Trash,Przenieś do Kosza,移到废纸篓,Przenieś do Kosza
ui.move_to_trash_99db9ee9,Move to Trash…,Przenieś do Kosza…,移到废纸篓…,Przenieś do Kosza…
ui.mtu,MTU,MTU,MTU,MTU
ui.multicast,Multicast,Multicast,多播,Multicast
ui.multiple,Multiple,Wiele,多个,Wiele
ui.multiple_pro_max_ultra,multiple (Pro/Max/Ultra),wiele (Pro/Max/Ultra),多个（Pro/Max/Ultra）,wiele (Pro/Max/Ultra)
ui.my_processes_only,My processes only,Tylko moje procesy,仅我的进程,Tylko moje procesy
ui.name,Name,Nazwa,名称,Nazwa
ui.nearby_ble,Nearby (BLE),W pobliżu (BLE),附近设备（BLE）,W pobliżu (BLE)
ui.needs_attention,Needs attention,Wymaga uwagi,需要注意,Wymaga uwagi
ui.network,Network,Sieć,网络,Sieć
ui.network_service,Network service,Usługa sieciowa,网络服务,Usługa sieciowa
ui.network_sockets,Network sockets,Gniazda sieciowe,网络套接字,Gniazda sieciowe
ui.network_type,Network type,Typ sieci,网络类型,Typ sieci
ui.network_volumes,Network volumes,Woluminy sieciowe,网络宗卷,Woluminy sieciowe
ui.neural_engine,Neural Engine,Neural Engine,神经网络引擎,Neural Engine
ui.never_unknown,never / unknown,nigdy / nieznane,从未 / 未知,nigdy / nieznane
ui.no,No,Nie,否,Nie
ui.no_access,No access,Brak dostępu,无访问权限,Brak dostępu
ui.no_access_788a859f,no access,brak dostępu,无访问权限,brak dostępu
ui.no_address,no address,bez adresu,无地址,bez adresu
ui.no_authorization,No authorization,Brak autoryzacji,未授权,Brak autoryzacji
ui.no_battery,no battery,brak baterii,无电池,brak baterii
ui.no_battery_ac_power,No battery (AC power),Brak baterii (zasilanie sieciowe),无电池（交流电源）,Brak baterii (zasilanie sieciowe)
ui.no_cd5b158f,no,nie,否,nie
ui.no_connected_devices,No connected devices.,Brak połączonych urządzeń.,没有已连接的设备。,Brak połączonych urządzeń.
ui.no_controller,no controller,brak kontrolera,无控制器,brak kontrolera
ui.no_data,No data,Brak danych,无数据,Brak danych
ui.no_data_start_a_scan,No data. Start a scan.,Brak danych. Uruchom skanowanie.,无数据。请开始扫描。,Brak danych. Uruchom skanowanie.
ui.no_details,No details,Brak szczegółów,无详细信息,Brak szczegółów
ui.no_files_found_outside_the_app_bundle,No files found outside the app bundle.,Nie znaleziono plików poza pakietem aplikacji.,未找到应用包之外的文件。,Nie znaleziono plików poza pakietem aplikacji.
ui.no_hardware_encoders,no hardware encoders,brak koderów sprzętowych,无硬件编码器,brak koderów sprzętowych
ui.no_hardware_support,No hardware support,Bez wsparcia sprzętowego,不支持硬件加速,Bez wsparcia sprzętowego
ui.no_other_paired_devices,No other paired devices.,Brak innych sparowanych urządzeń.,没有其他已配对的设备。,Brak innych sparowanych urządzeń.
ui.no_processes,no processes,brak procesów,无进程,brak procesów
ui.no_response_from_the_helper,No response from the helper,Brak odpowiedzi pomocnika,辅助程序未响应,Brak odpowiedzi pomocnika
ui.no_result,No result,Brak wyniku,无结果,Brak wyniku
ui.no_running_processes,no running processes,brak uruchomionych procesów,无运行中的进程,brak uruchomionych procesów
ui.no_test_selected,No test selected.,Nie zaznaczono żadnego testu.,未选择测试。,Nie zaznaczono żadnego testu.
ui.noise,noise,szum,噪声,szum
ui.nominal,nominal,nominalna,正常,nominalna
ui.none,none,brak,无,brak
ui.none_interface_without_a_service,none (interface without a service),brak (interfejs bez usługi),无（接口没有对应服务）,brak (interfejs bez usługi)
ui.normal,Normal,Normalny,正常,Normalny
ui.normal_0,Normal (0),Normalny (0),正常（0）,Normalny (0)
ui.normal_2_s,Normal — 2/s,Normalnie — 2/s,正常 — 2/s,Normalnie — 2/s
ui.normal_fa7ebcfc,normal,normalna,正常,normalna
ui.not_applicable,not applicable,nie dotyczy,不适用,nie dotyczy
ui.not_loaded,Not loaded,Niezaładowane,未载入,Niezaładowane
ui.not_loaded_0cfef59e,Not loaded,Niezaładowany,未载入,Niezaładowany
ui.not_registered,not registered,niezarejestrowany,未注册,niezarejestrowany
ui.not_running,not running,nie działa,未运行,nie działa
ui.not_supported_typical_for_usb,Not supported (typical for USB),Nieobsługiwany (typowe dla USB),不支持（USB 设备常见）,Nieobsługiwany (typowe dla USB)
ui.notarization,Notarization,Notaryzacja,公证,Notaryzacja
ui.notes,notes,uwag,项提示,uwag
ui.nothing_found_put_an_accessory_in_pairing_mode_and_try_again,Nothing found. Put an accessory in pairing mode and try again.,Nic nie wykryto. Włącz tryb parowania w akcesorium i spróbuj ponownie.,未发现设备。请将配件设为配对模式后重试。,Nic nie wykryto. Włącz tryb parowania w akcesorium i spróbuj ponownie.
ui.notification_sound,Notification sound,Dźwięk powiadomienia,通知声音,Dźwięk powiadomienia
ui.of,of,z,/,z
ui.of_total," of total"," całości"," 占总量"," całości"
ui.off,Off,Wyłączony,关闭,Wyłączony
ui.off_30_fps_the_lower_value_noticeably_reduces_cpu_load,Off = 30 fps. The lower value noticeably reduces CPU load.,Wyłączone = 30 kl./s. Niższa wartość zauważalnie zmniejsza obciążenie procesora.,关闭时为 30 fps。降低帧率可明显减少 CPU 负载。,Wyłączone = 30 kl./s. Niższa wartość zauważalnie zmniejsza obciążenie procesora.
ui.off_9a0ea78d,off,wyłączony,关闭,wyłączony
ui.off_b041cf59,off,wyłączone,关闭,wyłączone
ui.ok,OK,OK,好,OK
ui.on,on,włączone,开启,włączone
ui.on_617c9a06,on,włączony,开启,włączony
ui.on_battery,on battery,na baterii,使用电池供电,na baterii
ui.on_blocking_incoming_connections,"on, blocking incoming connections","włączona, blokuje połączenia przychodzące",已开启，阻止传入连接,"włączona, blokuje połączenia przychodzące"
ui.on_blocks_incoming,on (blocks incoming),włączona (blokuje przychodzące),开启（阻止传入连接）,włączona (blokuje przychodzące)
ui.on_demand,on demand,na żądanie,按需,na żądanie
ui.on_package,On-package,On-package,封装内,On-package
ui.once_a_day_the_app_asks_github_for_the_latest_release_download_an_0aba1d81,Once a day the app asks GitHub for the latest release. Download and installation happen only with your consent.,Raz na dobę aplikacja pyta GitHuba o najnowsze wydanie. Pobranie i instalacja dopiero po Twojej zgodzie.,应用每天向 GitHub 查询一次最新发行版本。只有获得你的同意后，才会下载并安装。,Raz na dobę aplikacja pyta GitHuba o najnowsze wydanie. Pobranie i instalacja dopiero po Twojej zgodzie.
ui.opacity,Opacity,Przezroczystość,不透明度,Przezroczystość
ui.open,Open,Otwarta,开放,Otwarta
ui.open_color_panel,Open color panel…,Otwórz panel kolorów…,打开颜色面板…,Otwórz panel kolorów…
ui.open_files,Open files,Otwarte pliki,打开的文件,Otwarte pliki
ui.open_login_items,Open Login Items…,Otwórz Elementy logowania…,打开登录项…,Otwórz Elementy logowania…
ui.open_shortcut_settings,Open shortcut settings,Otwórz ustawienia skrótów,打开快捷键设置,Otwórz ustawienia skrótów
ui.open_system_shortcuts,Open system shortcuts…,Otwórz skróty systemowe…,打开系统快捷键…,Otwórz skróty systemowe…
ui.origin,Origin,Pochodzenie,来源,Pochodzenie
ui.os_loader_version,OS Loader version,Wersja OS Loader,OS Loader 版本,Wersja OS Loader
ui.other,Other,Inny,其他,Inny
ui.other_60d24b83,Other,Pozostałe,其他,Pozostałe
ui.other_b4b08c70,Other,Inne,其他,Inne
ui.other_outside_the_app_store,Other (outside the App Store),Inne (poza App Store),其他（非 App Store）,Inne (poza App Store)
ui.other_temperature_readings,Other temperature readings,Pozostałe odczyty temperatury,其他温度读数,Pozostałe odczyty temperatury
ui.other_temperature_sensors,Other temperature sensors,Pozostałe czujniki temperatury,其他温度传感器,Pozostałe czujniki temperatury
ui.output_source,Output source,Źródło wyjścia,输出来源,Źródło wyjścia
ui.outputs,Outputs,Wyjścia,输出,Wyjścia
ui.overall,Overall,Ogólnie,总体,Ogólnie
ui.p_cluster,P cluster,klaster P,性能核心簇,klaster P
ui.p_core,P core,Rdzeń P,性能核心,Rdzeń P
ui.p_cores,P cores,Rdzenie P,性能核心,Rdzenie P
ui.packets_received,Packets received,Pakiety odebrane,已接收数据包,Pakiety odebrane
ui.packets_s,Packets / s,Pakiety / s,数据包 / s,Pakiety / s
ui.packets_sent,Packets sent,Pakiety wysłane,已发送数据包,Pakiety wysłane
ui.page_faults_s,Page faults/s,Błędy stron/s,缺页次数/s,Błędy stron/s
ui.page_in,Page in,Page in,页面换入,Page in
ui.page_in_page_out_per_second,Page in · page out (per second),Page in · page out (na sekundę),页面换入 · 页面换出（每秒）,Page in · page out (na sekundę)
ui.page_in_s,Page in/s,Page in/s,页面换入/s,Page in/s
ui.page_ins,Page ins,Page ins,页面换入,Page ins
ui.page_out,Page out,Page out,页面换出,Page out
ui.page_out_s,Page out/s,Page out/s,页面换出/s,Page out/s
ui.page_outs,Page outs,Page outs,页面换出,Page outs
ui.page_size,Page size,Rozmiar strony,页面大小,Rozmiar strony
ui.paging,Paging,Stronicowanie,分页,Stronicowanie
ui.paired,paired,sparowanych,已配对,sparowanych
ui.paired_207b13b1,Paired,Sparowane,已配对,Sparowane
ui.paired_disconnected,"Paired, Disconnected","Sparowane, niepołączone",已配对，未连接,"Sparowane, niepołączone"
ui.panels_stay_above_other_windows_off_they_hide_behind_the_active_w_c8c2785c,Panels stay above other windows. Off — they hide behind the active window.,Panele leżą nad innymi oknami. Wyłączone – chowają się za aktywnym oknem.,面板保持在其他窗口上方。关闭后，面板将位于当前窗口后方。,Panele leżą nad innymi oknami. Wyłączone – chowają się za aktywnym oknem.
ui.parent,Parent,Rodzic,父进程,Rodzic
ui.partition_map,Partition map,Tablica partycji,分区图,Tablica partycji
ui.path,Path,Ścieżka,路径,Ścieżka
ui.path_unavailable,(path unavailable),(ścieżka niedostępna),（路径不可用）,(ścieżka niedostępna)
ui.pause_sigstop,Pause (SIGSTOP),Wstrzymaj (SIGSTOP),暂停（SIGSTOP）,Wstrzymaj (SIGSTOP)
ui.per_process_threshold,Per-process threshold (%),Próg dla procesu (%),单个进程阈值（%）,Próg dla procesu (%)
ui.performance,Performance,Wydajność,性能,Wydajność
ui.performance_cluster_p,Performance cluster (P),Klaster wydajnościowy (P),性能核心簇（P）,Klaster wydajnościowy (P)
ui.performance_core_temperatures,Performance core temperatures,Temperatury rdzeni wydajnościowych,性能核心温度,Temperatury rdzeni wydajnościowych
ui.performance_cores,performance cores,rdzeni wydajnościowych,个性能核心,rdzeni wydajnościowych
ui.performance_cores_08d549af,Performance cores,Rdzenie wydajnościowe,性能核心,Rdzenie wydajnościowe
ui.peripheral_device,Peripheral device,Urządzenie peryferyjne,外围设备,Urządzenie peryferyjne
ui.phone,Phone,Telefon,电话,Telefon
ui.phy_mode,PHY mode,Tryb PHY,PHY 模式,Tryb PHY
ui.physical_cores,Physical cores,Rdzenie fizyczne,物理核心,Rdzenie fizyczne
ui.physical_disks,Physical disks,Dyski fizyczne,物理磁盘,Dyski fizyczne
ui.physical_disks_0d2a6781,physical disks,dysków fizycznych,个物理磁盘,dysków fizycznych
ui.physical_drive,Physical drive,Dysk fizyczny,物理驱动器,Dysk fizyczny
ui.pid,PID,PID,PID,PID
ui.pixel_resolution,Pixel resolution,Rozdzielczość pikseli,像素分辨率,Rozdzielczość pikseli
ui.port,port,port,端口,port
ui.port_72e9a59f,Port,Port,端口,Port
ui.ports,ports,porty,端口,porty
ui.ports_19a46b44,ports,portów,端口,portów
ui.power,power,mocy,功率,mocy
ui.power_ae57f3ee,Power,Moc,功率,Moc
ui.power_and_clocks,power and clocks,moc i taktowania,功率与频率,moc i taktowania
ui.power_cycles,Power cycles,Cykle zasilania,通电次数,Cykle zasilania
ui.power_draw,Power draw,Pobór mocy,功耗,Pobór mocy
ui.power_e6fea47e,Power,Zasilanie,电源,Zasilanie
ui.power_flow_charging_positive_discharging_negative,"Power flow (charging positive, discharging negative)","Przepływ mocy (ładowanie dodatnie, rozładowanie ujemne)",功率流向（充电为正，放电为负）,"Przepływ mocy (ładowanie dodatnie, rozładowanie ujemne)"
ui.power_mode,Power mode,Tryb zasilania,电源模式,Tryb zasilania
ui.power_pmu,Power (PMU),Zasilanie (PMU),电源（PMU）,Zasilanie (PMU)
ui.power_preference,Power preference,Preferencja zasilania,电源偏好,Preferencja zasilania
ui.power_saving,Power saving,Oszczędny,节能,Oszczędny
ui.power_saving_every_2_s_no_animations_standard_every_0_5_s_diagnos_e309af3b,"Power saving: every 2 s, no animations. Standard: every 0.5 s. Diagnostic: every 0.1 s.","Oszczędny: co 2 s, bez animacji. Standardowy: co 0,5 s. Diagnostyczny: co 0,1 s.",节能：每 2 s 一次，无动画。标准：每 0.5 s 一次。诊断：每 0.1 s 一次。,"Oszczędny: co 2 s, bez animacji. Standardowy: co 0,5 s. Diagnostyczny: co 0,1 s."
ui.power_settings,Power settings,Ustawienia zasilania,电源设置,Ustawienia zasilania
ui.power_source,Power source,Źródło zasilania,电源来源,Źródło zasilania
ui.power_w,Power (W),Moc (W),功率（W）,Moc (W)
ui.powered_blocks,Powered blocks,Zasilane bloki,已供电模块,Zasilane bloki
ui.powered_blocks_is_the_share_of_ane_blocks_whose_power_is_not_gate_ba3f968a,"“Powered blocks” is the share of ANE blocks whose power is not gated off, not compute utilization. On macOS 26/27 the ANE/CPU/GPU energy counters (IOReport) are frozen for all programs except Apple tools (powermetrics), including administrator processes; TMOG also shows 0.0 W here.","„Zasilane bloki” to udział bloków ANE niewyłączonych zasilaniem, nie wykorzystanie obliczeniowe. Na macOS 26/27 liczniki energii ANE/CPU/GPU (IOReport) są zamrożone dla wszystkich programów poza narzędziami Apple (powermetrics), także dla procesów administratora; TMOG pokazuje tu również 0,0 W.",“已供电模块”表示 ANE 中未被关闭电源的模块占比，并非计算使用率。在 macOS 26/27 上，除 Apple 工具（powermetrics）外，所有程序的 ANE/CPU/GPU 能耗计数器（IOReport）均停止更新，包括管理员进程；TMOG 在此处也显示 0.0 W。,"„Zasilane bloki” to udział bloków ANE niewyłączonych zasilaniem, nie wykorzystanie obliczeniowe. Na macOS 26/27 liczniki energii ANE/CPU/GPU (IOReport) są zamrożone dla wszystkich programów poza narzędziami Apple (powermetrics), także dla procesów administratora; TMOG pokazuje tu również 0,0 W."
ui.powered_neural_engine_blocks,Powered Neural Engine blocks,Zasilane bloki Neural Engine,已供电的神经网络引擎模块,Zasilane bloki Neural Engine
ui.powermetrics_helper,powermetrics (helper),powermetrics (pomocnik),powermetrics（辅助程序）,powermetrics (pomocnik)
ui.precision_support,Precision support,Obniżanie precyzji,精度支持,Obniżanie precyzji
ui.pressure,Pressure,Presja,压力,Presja
ui.pressure_load,Pressure load,Obciążenie presji,压力负载,Obciążenie presji
ui.primary_interface,Primary interface,Interfejs podstawowy,主接口,Interfejs podstawowy
ui.printers,Printers,Drukarki,打印机,Drukarki
ui.privileged_helper,Privileged helper,Pomocnik uprzywilejowany,特权辅助程序,Pomocnik uprzywilejowany
ui.privileged_helper_recommended,Privileged helper (recommended),Pomocnik uprzywilejowany (zalecane),特权辅助程序（推荐）,Pomocnik uprzywilejowany (zalecane)
ui.privileges,Privileges,Uprawnienia,权限,Uprawnienia
ui.process,process,proces,进程,proces
ui.process_12374558,Process,Proces,进程,Proces
ui.process_and_destination,Process and destination,Proces i cel,进程与目标,Proces i cel
ui.process_and_hardware_monitor_for_macos,Process and hardware monitor for macOS.,Monitor procesów i sprzętu dla macOS.,适用于 macOS 的进程与硬件监视器。,Monitor procesów i sprzętu dla macOS.
ui.process_tree,Process tree,Drzewo procesów,进程树,Drzewo procesów
ui.processes,processes,procesy,进程,procesy
ui.processes_774fcc5e,Processes,Procesy,进程,Procesy
ui.processes_and_tables,Processes and tables,Procesy i tabele,进程与表格,Procesy i tabele
ui.processes_at_most_every_0_5_s_physical_disks_every_2_s_sensors_fo_78d79958,Processes: at most every 0.5 s. Physical disks: every 2 s. Sensors follow a separate schedule.,"Lista procesów: nie częściej niż co 0,5 s. Dyski fizyczne: co 2 s. Czujniki mają osobny harmonogram.",进程列表：最快每 0.5 s 刷新一次。物理磁盘：每 2 s 一次。传感器使用独立的刷新周期。,"Lista procesów: nie częściej niż co 0,5 s. Dyski fizyczne: co 2 s. Czujniki mają osobny harmonogram."
ui.processes_b56113d4,processes,procesów,个进程,procesów
ui.processes_with_the_highest_estimated_energy_impact,Processes with the highest estimated energy impact,Procesy o najwyższym szacowanym zapotrzebowaniu na energię,估算能耗影响最大的进程,Procesy o najwyższym szacowanym zapotrzebowaniu na energię
ui.processor,Processor,Procesor,处理器,Procesor
ui.processor_d4d16355,PROCESSOR,PROCESOR,处理器,PROCESOR
ui.product_id,Product ID,ID produktu,产品 ID,ID produktu
ui.profiles,Profiles,Profile,描述文件,Profile
ui.program,Program,Program,程序,Program
ui.properties,properties,właściwości,项属性,właściwości
ui.property,Property,Właściwość,属性,Właściwość
ui.protocol,Protocol,Protokół,协议,Protokół
ui.proxies,Proxies,Proxy,代理,Proxy
ui.pts,pts,pkt,分,pkt
ui.purgeable,Purgeable,Usuwalna (purgeable),可清除,Usuwalna (purgeable)
ui.queue_busy,Queue busy,Zajętość kolejek,队列忙碌度,Zajętość kolejek
ui.quick_1_s,Quick (1 s),Szybki (1 s),快速（1 s）,Szybki (1 s)
ui.quick_action_installed,Quick Action installed,Akcja szybka zainstalowana,快速操作已安装,Akcja szybka zainstalowana
ui.quit,Quit,Zakończ,退出,Zakończ
ui.quit_process,Quit process,Zakończ proces,退出进程,Zakończ proces
ui.quit_process_tree,Quit process tree,Zakończ drzewo procesów,退出进程树,Zakończ drzewo procesów
ui.quit_the_process,Quit the process “,Zakończyć proces „,退出进程“,Zakończyć proces „
ui.quit_the_process_tree,Quit the process tree “,Zakończyć drzewo procesów „,退出进程树“,Zakończyć drzewo procesów „
ui.quit_vitals,Quit Vitals,Zakończ Vitals,退出 Vitals,Zakończ Vitals
ui.ram_share,RAM share,Udział RAM,RAM 占比,Udział RAM
ui.range_average_d_samples,Range %@–%@ · average %@ · %d samples,Przedział %@–%@ · średnio %@ · %d pomiarów,时间范围 %@–%@ · 平均 %@ · %d 次采样,Przedział %@–%@ · średnio %@ · %d pomiarów
ui.ray_tracing,Ray tracing,Ray tracing,光线追踪,Ray tracing
ui.read,Read,Odczyt,读取,Odczyt
ui.read_all_disks,Read (all disks),Odczyt (wszystkie dyski),读取（所有磁盘）,Odczyt (wszystkie dyski)
ui.read_green_write_teal,Read (green) · write (teal),Odczyt (zielony) · zapis (turkusowy),读取（绿色）· 写入（青绿色）,Odczyt (zielony) · zapis (turkusowy)
ui.read_lighter_write,Read (lighter) · write,Odczyt (jaśniejszy) · zapis,读取（较亮）· 写入,Odczyt (jaśniejszy) · zapis
ui.read_mb_s,Read (MB/s),Odczyt (MB/s),读取（MB/s）,Odczyt (MB/s)
ui.read_smart,Read (SMART),Odczytano (SMART),已读取（SMART）,Odczytano (SMART)
ui.reading,reading…,odczytywanie…,正在读取…,odczytywanie…
ui.ready,ready,gotowy,就绪,gotowy
ui.ready_power_gated,ready · power gated,gotowy · power gated,就绪 · 电源已门控,gotowy · power gated
ui.received,Received,Odbiór,接收,Odbiór
ui.recommended_memory_limit,Recommended memory limit,Zalecany limit pamięci,建议内存上限,Zalecany limit pamięci
ui.record_measurements_to_a_file,Record measurements to a file…,Nagrywaj pomiary do pliku…,将测量记录到文件…,Nagrywaj pomiary do pliku…
ui.recording_finished_file,Recording finished. File,Nagrywanie zakończone. Plik,记录已完成。文件,Nagrywanie zakończone. Plik
ui.references,References,Odwołania,引用,Odwołania
ui.refresh,Refresh,Odśwież,刷新,Odśwież
ui.refresh_failed_showing_last_scan,Refresh failed; showing last scan,Błąd odświeżania; pokazano ostatni odczyt,刷新失败；显示上次扫描结果,Błąd odświeżania; pokazano ostatni odczyt
ui.refresh_now,Refresh now,Odśwież teraz,立即刷新,Odśwież teraz
ui.refresh_rate,Refresh rate,Prędkość odświeżania,刷新速度,Prędkość odświeżania
ui.refresh_rate_d0fda23c,Refresh rate,Częstotliwość odświeżania,刷新频率,Częstotliwość odświeżania
ui.regulator,Regulator,Regulator,调节器,Regulator
ui.related_files,Related files,Pliki powiązane,关联文件,Pliki powiązane
ui.related_files_searching,Related files (searching…),Pliki powiązane (szukanie…),关联文件（正在查找…）,Pliki powiązane (szukanie…)
ui.relaunch_as_administrator,Relaunch as administrator…,Uruchom ponownie jako administrator…,以管理员身份重新启动…,Uruchom ponownie jako administrator…
ui.releases_are_downloaded_from_the_repository,Releases are downloaded from the repository,Wydania pobierane są z repozytorium,发行版本下载自仓库,Wydania pobierane są z repozytorium
ui.remember_the_last_open_page,Remember the last open page,Pamiętaj ostatnio otwartą stronę,记住上次打开的页面,Pamiętaj ostatnio otwartą stronę
ui.remote,Remote,Zdalne,远程,Zdalne
ui.remote_address,Remote address,Adres zdalny,远程地址,Adres zdalny
ui.remote_port,Remote port,Port zdalny,远程端口,Port zdalny
ui.removable,Removable,Wymienny,可移动,Wymienny
ui.removable_media,Removable media,Nośnik wymienny,可移动介质,Nośnik wymienny
ui.remove_quick_action,Remove Quick Action,Usuń akcję szybką,移除快速操作,Usuń akcję szybką
ui.renderer_tiler,Renderer / Tiler,Renderer / Tiler,渲染器 / 分块器,Renderer / Tiler
ui.reporting_problems,Reporting problems,Zgłaszanie problemów,报告问题,Zgłaszanie problemów
ui.requires_approval_in_system_settings,requires approval in System Settings,wymaga zatwierdzenia w Ustawieniach systemowych,需要在系统设置中批准,wymaga zatwierdzenia w Ustawieniach systemowych
ui.requires_approval_in_system_settings_general_login_items_extensio_a629c57d,requires approval in System Settings → General → Login Items & Extensions,wymaga zatwierdzenia w Ustawieniach systemowych → Ogólne → Elementy logowania i rozszerzenia,需要在系统设置 → 通用 → 登录项与扩展中批准,wymaga zatwierdzenia w Ustawieniach systemowych → Ogólne → Elementy logowania i rozszerzenia
ui.reset_min_max,Reset min/max,Zeruj min/maks,重置最小 / 最大值,Zeruj min/maks
ui.resolution,Resolution,Rozdzielczość,分辨率,Rozdzielczość
ui.resolved,Resolved,Ustąpiło,已恢复,Ustąpiło
ui.resolved_73d2728b," — resolved"," — ustąpiło"," — 已恢复"," — ustąpiło"
ui.restart,Restart,Uruchom ponownie,重新启动,Uruchom ponownie
ui.restart_as_administrator,Restart as administrator?,Uruchomić ponownie jako administrator?,以管理员身份重新启动？,Uruchomić ponownie jako administrator?
ui.restart_vitals_to_apply_the_new_interface_language,Restart Vitals to apply the new interface language.,"Uruchom Vitals ponownie, aby zastosować nowy język interfejsu.",请重新启动 Vitals 以应用新的界面语言。,"Uruchom Vitals ponownie, aby zastosować nowy język interfejsu."
ui.restore_defaults,Restore defaults,Przywróć domyślne,恢复默认设置,Przywróć domyślne
ui.result_history,Result history,Historia wyników,结果历史,Historia wyników
ui.results_from_the_last_ble_scan_devices_that_do_not_broadcast_a_na_921860e8,Results from the last BLE scan. Devices that do not broadcast a name are shown as unknown.,Wyniki ostatniego skanowania BLE. Urządzenia bez nadawanej nazwy są oznaczone jako nieznane.,上次 BLE 扫描的结果。未广播名称的设备显示为未知设备。,Wyniki ostatniego skanowania BLE. Urządzenia bez nadawanej nazwy są oznaczone jako nieznane.
ui.resume_sigcont,Resume (SIGCONT),Wznów (SIGCONT),继续（SIGCONT）,Wznów (SIGCONT)
ui.reveal_configuration_file_in_finder,Reveal configuration file in Finder,Pokaż plik konfiguracyjny w Finderze,在访达中显示配置文件,Pokaż plik konfiguracyjny w Finderze
ui.revision,Revision,Rewizja,修订版本,Rewizja
ui.router,Router,Router,路由器,Router
ui.rpm,rpm,obr/min,rpm,obr/min
ui.run_a_scan_to_see_the_map,Run a scan to see the map,"Uruchom skanowanie, aby zobaczyć mapę",运行扫描以查看空间分布图,"Uruchom skanowanie, aby zobaczyć mapę"
ui.run_all,Run all,Uruchom wszystkie,运行全部测试,Uruchom wszystkie
ui.run_as_administrator,Run as administrator,Uruchom jako administrator,以管理员身份运行,Uruchom jako administrator
ui.run_as_administrator_on_every_launch_with_password,Run as administrator on every launch (with password),Uruchamiaj jako administrator przy każdym starcie (z hasłem),每次启动时以管理员身份运行（需密码）,Uruchamiaj jako administrator przy każdym starcie (z hasłem)
ui.run_at_startup,Run at startup,Uruchamianie przy starcie,启动时运行,Uruchamianie przy starcie
ui.run_selected,Run selected,Uruchom zaznaczone,运行所选测试,Uruchom zaznaczone
ui.run_with_administrator_privileges,Run with administrator privileges?,Uruchomić z uprawnieniami administratora?,以管理员权限运行？,Uruchomić z uprawnieniami administratora?
ui.running,Running,Działa,运行中,Działa
ui.running_71cb862f,running,działa,运行中,działa
ui.running_as_administrator,Running as administrator,Działa jako administrator,正在以管理员身份运行,Działa jako administrator
ui.running_only,Running only,Tylko działające,仅运行中,Tylko działające
ui.s_m_a_r_t_status,S.M.A.R.T. status,Stan S.M.A.R.T.,S.M.A.R.T. 状态,Stan S.M.A.R.T.
ui.sample_from,Sample from,Pomiar z,采样时间,Pomiar z
ui.sample_process,Sample process…,Utwórz próbkę procesu…,对进程采样…,Utwórz próbkę procesu…
ui.sample_rate,Sample rate,Częstotliwość próbkowania,采样率,Częstotliwość próbkowania
ui.samples,SAMPLES,PRÓBEK,采样数,PRÓBEK
ui.sampling_process,Sampling process “,Próbkowanie procesu „,正在对进程采样“,Próbkowanie procesu „
ui.sampling_rate,Sampling rate,Tempo pomiarów,采样频率,Tempo pomiarów
ui.saturation,Saturation,Nasycenie,饱和度,Nasycenie
ui.saturation_bloom_and_hdr,"Saturation, bloom and HDR","Nasycenie, poświata i HDR",饱和度、辉光与 HDR,"Nasycenie, poświata i HDR"
ui.saturation_bloom_and_hdr_sliders_live_in_the_colors_panel_in_the_c3855a87,"Saturation, bloom and HDR sliders live in the “Colors” panel in the sidebar (⇧⌘K).",Suwaki nasycenia i poświaty oraz HDR są w panelu „Kolory” w pasku bocznym (⇧⌘K).,饱和度、辉光和 HDR 滑块位于边栏的“颜色”面板（⇧⌘K）。,Suwaki nasycenia i poświaty oraz HDR są w panelu „Kolory” w pasku bocznym (⇧⌘K).
ui.saved,Saved,Zapisano,已保存,Zapisano
ui.scale_to,scale to,skala do,刻度上限,skala do
ui.scan,Scan,Skanuj,扫描,Skanuj
ui.scan_nearby,Scan Nearby,Skanuj w pobliżu,扫描附近设备,Skanuj w pobliżu
ui.scanning,scanning…,skanowanie…,正在扫描…,skanowanie…
ui.scanning_finds_ble_devices_that_are_advertising_paired_devices_ar_213e45dd,Scanning finds BLE devices that are advertising. Paired devices are listed above.,Skanowanie wykrywa reklamujące się urządzenia BLE. Sparowane urządzenia są widoczne powyżej.,扫描可发现正在广播的 BLE 设备。已配对的设备列在上方。,Skanowanie wykrywa reklamujące się urządzenia BLE. Sparowane urządzenia są widoczne powyżej.
ui.scanning_for_ble_devices_for_12_seconds_results_appear_below,Scanning for BLE devices for 12 seconds. Results appear below.,Skanowanie BLE trwa 12 sekund. Wyniki pojawiają się poniżej.,BLE 扫描持续 12 秒，结果将显示在下方。,Skanowanie BLE trwa 12 sekund. Wyniki pojawiają się poniżej.
ui.scheme,Scheme,Schemat,方案,Schemat
ui.score,Score,Wynik,得分,Wynik
ui.scrolling_history,Scrolling history,Historia przewijana,滚动历史,Historia przewijana
ui.search,Search,Szukaj,搜索,Szukaj
ui.search_domains,Search domains,Domeny wyszukiwania,搜索域,Domeny wyszukiwania
ui.search_efd3944b,Search…,Szukaj…,搜索…,Szukaj…
ui.search_processes_disks_interfaces_sensors_and_pages_f,"Search processes, disks, interfaces, sensors and pages (⌘F)","Szukaj procesów, dysków, interfejsów, czujników i stron (⌘F)",搜索进程、磁盘、接口、传感器和页面（⌘F）,"Szukaj procesów, dysków, interfejsów, czujników i stron (⌘F)"
ui.search_processes_disks_sensors,"Search processes, disks, sensors…","Szukaj procesów, dysków, czujników…",搜索进程、磁盘、传感器…,"Szukaj procesów, dysków, czujników…"
ui.search_the_web,Search the web,Szukaj w internecie,在网上搜索,Szukaj w internecie
ui.secure_virtual_memory,Secure virtual memory,Bezpieczna pamięć wirtualna,安全虚拟内存,Bezpieczna pamięć wirtualna
ui.security,Security,Bezpieczeństwo,安全性,Bezpieczeństwo
ui.security_5caed41f,Security,Zabezpieczenia,安全性,Zabezpieczenia
ui.select_a_driver,Select a driver,Wybierz sterownik,选择驱动程序,Wybierz sterownik
ui.select_a_process_to_see_details,Select a process to see details,"Wybierz proces, aby zobaczyć szczegóły",选择进程以查看详细信息,"Wybierz proces, aby zobaczyć szczegóły"
ui.select_a_service_to_see_details_launchctl_print,Select a service to see details (launchctl print).,"Wybierz usługę, aby zobaczyć szczegóły (launchctl print).",选择服务以查看详细信息（launchctl print）。,"Wybierz usługę, aby zobaczyć szczegóły (launchctl print)."
ui.select_a_user,Select a user,Wybierz użytkownika,选择用户,Wybierz użytkownika
ui.select_all,Select all,Zaznacz wszystkie,全选,Zaznacz wszystkie
ui.select_an_app,Select an app,Wybierz aplikację,选择应用,Wybierz aplikację
ui.select_an_item_to_see_details,Select an item to see details.,"Wybierz pozycję, aby zobaczyć szczegóły.",选择项目以查看详细信息。,"Wybierz pozycję, aby zobaczyć szczegóły."
ui.select_tests_and_run_close_other_demanding_apps_while_testing,Select tests and run. Close other demanding apps while testing.,Zaznacz testy i uruchom. W trakcie testu zamknij inne obciążające aplikacje.,选择测试并运行。测试期间请关闭其他高负载应用。,Zaznacz testy i uruchom. W trakcie testu zamknij inne obciążające aplikacje.
ui.send_signal,Send signal,Wyślij sygnał,发送信号,Wyślij sygnał
ui.sensor,Sensor,Czujnik,传感器,Czujnik
ui.sensors,sensors,czujn.,个传感器,czujn.
ui.sent,Sent,Nadawanie,发送,Nadawanie
ui.serial_number,Serial number,Numer seryjny,序列号,Numer seryjny
ui.serious,serious,poważna,严重,poważna
ui.service,Service,Usługa,服务,Usługa
ui.service_order,Service order,Kolejność usług,服务顺序,Kolejność usług
ui.services,services,usług,项服务,usług
ui.services_f381f5d6,Services,Usługi,服务,Usługi
ui.session,SESSION,SESJA,会话,SESJA
ui.sessions,Sessions,Sesje,会话,Sesje
ui.set_priority,Set priority,Ustaw priorytet,设置优先级,Ustaw priorytet
ui.settings,Settings…,Ustawienia…,设置…,Ustawienia…
ui.share_of_memory_in_use_apps_wired_and_compressed_memory,"Share of memory in use: apps, wired and compressed memory.","Udział zajętej pamięci: aplikacje, pamięć zablokowana i skompresowana.",已用内存占比：应用内存、联动内存和压缩内存。,"Udział zajętej pamięci: aplikacje, pamięć zablokowana i skompresowana."
ui.shell,Shell,Powłoka,Shell,Powłoka
ui.shortcut_that_works_when_quit,Shortcut that works when quit,Skrót działający po zamknięciu,退出后仍可使用的快捷键,Skrót działający po zamknięciu
ui.show_all_columns,Show all columns,Pokaż wszystkie kolumny,显示所有列,Pokaż wszystkie kolumny
ui.show_exited_processes,Show exited processes,Pokazuj zakończone procesy,显示已退出的进程,Pokazuj zakończone procesy
ui.show_in_finder,Show in Finder,Pokaż w Finderze,在访达中显示,Pokaż w Finderze
ui.show_network_connections,Show network connections,Pokaż połączenia sieciowe,显示网络连接,Pokaż połączenia sieciowe
ui.show_status_bar,Show status bar,Pokaż pasek stanu,显示状态栏,Pokaż pasek stanu
ui.show_wi_fi_network_name,Show Wi-Fi network name…,Pokaż nazwę sieci Wi-Fi…,显示 Wi-Fi 网络名称…,Pokaż nazwę sieci Wi-Fi…
ui.shows_live_values_in_the_macos_menu_bar_even_when_the_window_is_h_8e46118d,"Shows live values in the macOS menu bar, even when the window is hidden.","Pokazuje bieżące wartości w pasku menu macOS, także gdy okno jest schowane.",在 macOS 菜单栏中显示实时数值，即使窗口已隐藏。,"Pokazuje bieżące wartości w pasku menu macOS, także gdy okno jest schowane."
ui.signal,signal,sygnał,信号,sygnał
ui.signal_2f7b9445,Signal,Sygnał,信号,Sygnał
ui.signal_noise,Signal / noise,Sygnał / szum,信号 / 噪声,Sygnał / szum
ui.signed_by,Signed by,Podpisane przez,签名者,Podpisane przez
ui.signed_in,signed in,zalogowany,已登录,zalogowany
ui.signed_in_a096f416,Signed in,Zalogowany,已登录,Zalogowany
ui.signed_in_users,Signed-in users,Zalogowanych użytkowników,已登录用户,Zalogowanych użytkowników
ui.simple,Simple,Prosty,简洁,Prosty
ui.sip,SIP,SIP,SIP,SIP
ui.size,Size,Rozmiar,大小,Rozmiar
ui.skip_this_version,Skip this version,Pomiń tę wersję,跳过此版本,Pomiń tę wersję
ui.sleeping,Sleeping,Śpi,睡眠中,Śpi
ui.slots,Slots,Sloty,插槽,Sloty
ui.slow_1_s,Slow — 1/s,Wolno — 1/s,慢 — 1/s,Wolno — 1/s
ui.small_files,Small files,Małe pliki,小文件,Małe pliki
ui.smart_reports_no_issues,SMART reports no issues,SMART bez zastrzeżeń,SMART 未报告异常,SMART bez zastrzeżeń
ui.smart_status,SMART status,status SMART,SMART 状态,status SMART
ui.smart_status_a6e122c5,SMART status,Stan SMART,SMART 状态,Stan SMART
ui.smc_currents_i,SMC currents (I*),Prądy SMC (I*),SMC 电流（I*）,Prądy SMC (I*)
ui.smc_power_measurements,SMC power measurements,Pomiary mocy SMC,SMC 功率读数,Pomiary mocy SMC
ui.smc_power_rail_currents,SMC power-rail currents,Prądy szyn zasilania SMC,SMC 电源轨电流,Prądy szyn zasilania SMC
ui.smc_power_rail_voltages,SMC power-rail voltages,Napięcia szyn zasilania SMC,SMC 电源轨电压,Napięcia szyn zasilania SMC
ui.smc_voltages_v,SMC voltages (V*),Napięcia SMC (V*),SMC 电压（V*）,Napięcia SMC (V*)
ui.smjobbless_is_unavailable,SMJobBless is unavailable.,SMJobBless niedostępne.,SMJobBless 不可用。,SMJobBless niedostępne.
ui.smooth_graph_scrolling_60_fps,Smooth graph scrolling (60 fps),Płynne przewijanie wykresów (60 fps),平滑滚动图表（60 fps）,Płynne przewijanie wykresów (60 fps)
ui.soc_base,SoC (base),SoC (baza),SoC（基础）,SoC (baza)
ui.soc_max,SoC (max),SoC (maks.),SoC（最大）,SoC (maks.)
ui.soc_package_power,SoC package power,Moc pakietu SoC,SoC 封装功率,Moc pakietu SoC
ui.socket,socket,gniazdo,套接字,gniazdo
ui.socket_3119ab1a,Socket,Gniazdo,套接字,Gniazdo
ui.sockets,sockets,gniazd,套接字,gniazd
ui.sockets_c79e8596,sockets,gniazda,套接字,gniazda
ui.sockets_d925fe06,Sockets,Gniazda,套接字,Gniazda
ui.software,Software,Oprogramowanie,软件,Oprogramowanie
ui.software_overview,Software overview,Przegląd oprogramowania,软件概览,Przegląd oprogramowania
ui.some_benchmarks_failed,Some benchmarks failed,Nie wszystkie testy zakończyły się poprawnie,部分基准测试失败,Nie wszystkie testy zakończyły się poprawnie
ui.some_processes_could_not_be_terminated,Some processes could not be terminated,Nie udało się zakończyć wszystkich procesów,部分进程无法终止,Nie udało się zakończyć wszystkich procesów
ui.source,Source,Źródło,来源,Źródło
ui.spare_blocks,spare blocks,zapas bloków,备用块,zapas bloków
ui.spare_blocks_c153a3e7,Spare blocks,Zapas bloków,备用块,Zapas bloków
ui.speculative,Speculative,Spekulatywna,推测内存,Spekulatywna
ui.speed,Speed,Prędkość,速度,Prędkość
ui.ssd_max,SSD (max),SSD (maks.),SSD（最大）,SSD (maks.)
ui.ssd_temperature,SSD temperature,Temperatura SSD,SSD 温度,Temperatura SSD
ui.ssd_temperatures,SSD temperatures,Temperatury SSD,SSD 温度,Temperatury SSD
ui.stale_data,Stale data,Dane nieaktualne,数据已过期,Dane nieaktualne
ui.standard,Standard,Standardowy,标准,Standardowy
ui.standard_3_s,Standard (3 s),Standardowy (3 s),标准（3 s）,Standardowy (3 s)
ui.standard_user,standard user,zwykły użytkownik,标准用户,zwykły użytkownik
ui.start,Start,Uruchom,启动,Uruchom
ui.start_page,Start page,Strona startowa,启动页面,Strona startowa
ui.started,Started,Uruchomiony,启动时间,Uruchomiony
ui.starting,Starting,Tworzony,正在启动,Tworzony
ui.startup,Startup,Uruchamianie,启动,Uruchamianie
ui.startup_items,Startup items,Elementy startowe,启动项,Elementy startowe
ui.status,Status,Stan,状态,Stan
ui.status_0ee39799,"Status: ","Stan: ","状态： ","Stan: "
ui.status_920e413c,Status,Status,状态,Status
ui.stealth_mode,Stealth mode,Tryb ukryty,隐身模式,Tryb ukryty
ui.stop,Stop,Zatrzymaj,停止,Zatrzymaj
ui.stop_recording,Stop recording,Zatrzymaj nagrywanie,停止记录,Zatrzymaj nagrywanie
ui.stop_scanning,Stop Scanning,Zatrzymaj skanowanie,停止扫描,Zatrzymaj skanowanie
ui.stop_service,Stop service,Zatrzymaj usługę,停止服务,Zatrzymaj usługę
ui.stopped,Stopped,Zatrzymany,已停止,Zatrzymany
ui.stopping_after_the_current_test,Stopping after the current test…,Zatrzymywanie po bieżącym teście…,当前测试完成后停止…,Zatrzymywanie po bieżącym teście…
ui.storage,Storage,Pamięć masowa,存储,Pamięć masowa
ui.storage_details,Storage details…,Szczegóły pamięci masowej…,存储详细信息…,Szczegóły pamięci masowej…
ui.storage_media,Storage media,Nośniki,存储介质,Nośniki
ui.subnet_mask,Subnet mask,Maska podsieci,子网掩码,Maska podsieci
ui.summary_of_all_interfaces,Summary of all interfaces,Podsumowanie wszystkich interfejsów,所有接口概览,Podsumowanie wszystkich interfejsów
ui.summary_of_all_physical_disks,Summary of all physical disks,Podsumowanie wszystkich dysków fizycznych,所有物理磁盘概览,Podsumowanie wszystkich dysków fizycznych
ui.supported_channels,Supported channels,Obsługiwane kanały,支持的信道,Obsługiwane kanały
ui.swap_available,Swap available,Swap dostępny,可用交换空间,Swap dostępny
ui.swap_file,Swap file,Plik wymiany,交换文件,Plik wymiany
ui.swap_in_s,Swap in/s,Swap in/s,交换换入/s,Swap in/s
ui.swap_out_s,Swap out/s,Swap out/s,交换换出/s,Swap out/s
ui.swap_threshold_gb,Swap threshold (GB),Próg swapu (GB),交换空间阈值（GB）,Próg swapu (GB)
ui.swap_total,Swap total,Swap łącznie,交换空间总量,Swap łącznie
ui.swap_used,Swap used,Swap użyty,已用交换空间,Swap użyty
ui.system,system,system,系统,system
ui.system_31871492,system,systemowa,系统,systemowa
ui.system_6725e7bb,System,System,系统,System
ui.system_accounts,System accounts,Konta systemowe,系统账户,Konta systemowe
ui.system_agent,System agent,Agent systemowy,系统代理,Agent systemowy
ui.system_and_adapter_power_come_from_smc_cpu_gpu_ane_dram_power_req_d6232d67,"System and adapter power come from SMC. CPU / GPU / ANE / DRAM power requires IOReport energy counters, which macOS 26/27 exposes only to Apple tools (powermetrics); these fields therefore show “—”.","Moc systemu i zasilacza pochodzi z SMC. Moc CPU / GPU / ANE / DRAM wymaga liczników energii IOReport, które macOS 26/27 udostępnia wyłącznie narzędziom Apple (powermetrics); dlatego pola pokazują „—”.",系统和适配器功率来自 SMC。CPU / GPU / ANE / DRAM 功率需要 IOReport 能耗计数器，而 macOS 26/27 仅向 Apple 工具（powermetrics）提供这些计数器，因此相关字段显示“—”。,"Moc systemu i zasilacza pochodzi z SMC. Moc CPU / GPU / ANE / DRAM wymaga liczników energii IOReport, które macOS 26/27 udostępnia wyłącznie narzędziom Apple (powermetrics); dlatego pola pokazują „—”."
ui.system_daemon,System daemon,Demon systemowy,系统守护进程,Demon systemowy
ui.system_daemons_require_administrator_privileges,System daemons require administrator privileges,Demony systemowe wymagają uprawnień administratora,系统守护进程需要管理员权限,Demony systemowe wymagają uprawnień administratora
ui.system_data_ok,System data OK,Dane systemowe OK,系统数据正常,Dane systemowe OK
ui.system_disk,System disk,Dysk systemowy,系统磁盘,Dysk systemowy
ui.system_disk_smart_status,System disk SMART status,Stan SMART dysku systemowego,系统磁盘 SMART 状态,Stan SMART dysku systemowego
ui.system_draw,System draw,Pobór systemu,系统功耗,Pobór systemu
ui.system_extension,System extension,Rozszerzenie systemowe,系统扩展,Rozszerzenie systemowe
ui.system_extension_installed_by_an_app_you_can_remove_it_in_system_dcb9ab81,System extension installed by an app. You can remove it in System Settings → General → Login Items & Extensions.,Rozszerzenie systemowe instalowane przez aplikację. Można je usunąć w Ustawieniach systemowych → Ogólne → Elementy logowania i rozszerzenia.,由应用安装的系统扩展。可在系统设置 → 通用 → 登录项与扩展中移除。,Rozszerzenie systemowe instalowane przez aplikację. Można je usunąć w Ustawieniach systemowych → Ogólne → Elementy logowania i rozszerzenia.
ui.system_extension_managed_by_the_app,system extension (managed by the app),rozszerzenie systemowe (zarządzane przez aplikację),系统扩展（由应用管理）,rozszerzenie systemowe (zarządzane przez aplikację)
ui.system_follows_the_macos_language_the_change_applies_immediately,System follows the macOS language. The change applies immediately.,Systemowy używa języka macOS. Zmiana działa od razu.,“跟随系统”使用 macOS 的语言。更改立即生效。,Systemowy używa języka macOS. Zmiana działa od razu.
ui.system_health,System health,Zdrowie systemu,系统健康状况,Zdrowie systemu
ui.system_information,System information,Informacje o systemie,系统信息,Informacje o systemie
ui.system_integrity_protection_sip,System Integrity Protection (SIP),Ochrona integralności systemu (SIP),系统完整性保护（SIP）,Ochrona integralności systemu (SIP)
ui.system_integrity_sip,System integrity (SIP),Integralność systemu (SIP),系统完整性（SIP）,Integralność systemu (SIP)
ui.system_kernel,System (kernel),System (jądro),系统（内核）,System (jądro)
ui.system_load,System load,Obciążenie systemu,系统负载,Obciążenie systemu
ui.system_name,System name,Nazwa systemu,系统名称,Nazwa systemu
ui.system_notifications,System notifications,Powiadomienia systemowe,系统通知,Powiadomienia systemowe
ui.system_power,System power,Moc systemu,系统功率,Moc systemu
ui.system_power_pstr,System power (PSTR),Moc systemu (PSTR),系统功率（PSTR）,Moc systemu (PSTR)
ui.system_processes,System processes,Procesy systemowe,系统进程,Procesy systemowe
ui.system_profiler_returned_no_information_for_this_category,system_profiler returned no information for this category,system_profiler nie zwrócił informacji dla tej kategorii,system_profiler 未返回此类别的信息,system_profiler nie zwrócił informacji dla tej kategorii
ui.system_root,System (root),Systemowa (root),系统（root）,Systemowa (root)
ui.system_setting_follows_the_macos_light_dark_mode,System setting follows the macOS light/dark mode.,Ustawienia systemowe podążają za trybem jasnym/ciemnym macOS.,系统设置跟随 macOS 的浅色 / 深色模式。,Ustawienia systemowe podążają za trybem jasnym/ciemnym macOS.
ui.system_settings,System Settings,Ustawienia systemowe,系统设置,Ustawienia systemowe
ui.system_settings_general_login_items_extensions,System Settings → General → Login Items & Extensions.,Ustawienia systemowe → Ogólne → Elementy logowania i rozszerzenia.,系统设置 → 通用 → 登录项与扩展。,Ustawienia systemowe → Ogólne → Elementy logowania i rozszerzenia.
ui.system_sf_pro,System (SF Pro),Systemowa (SF Pro),系统（SF Pro）,Systemowa (SF Pro)
ui.system_thermal_pressure,System thermal pressure,Presja termiczna systemu,系统散热压力,Presja termiczna systemu
ui.system_tunnel,system tunnel,tunel systemowy,系统隧道,tunel systemowy
ui.system_tunnel_862f9a26,System tunnel,Tunel systemowy,系统隧道,Tunel systemowy
ui.system_uses_the_macos_language_the_change_takes_effect_after_rest_f5b6f74b,System uses the macOS language. The change takes effect after restarting the app.,Systemowy używa języka macOS. Zmiana działa po ponownym uruchomieniu aplikacji.,“跟随系统”使用 macOS 的语言。更改将在重新启动应用后生效。,Systemowy używa języka macOS. Zmiana działa po ponownym uruchomieniu aplikacji.
ui.system_version,System version,Wersja systemu,系统版本,Wersja systemu
ui.temperature,Temperature,Temperatura,温度,Temperatura
ui.temperature_readings,temperature readings,odczytów temperatury,温度读数,odczytów temperatury
ui.temperature_sensors,temperature sensors,czujników temperatury,个温度传感器,czujników temperatury
ui.temperature_sensors_5090016d,Temperature sensors,Czujniki temperatury,温度传感器,Czujniki temperatury
ui.temperature_threshold_c,Temperature threshold (°C),Próg temperatury (°C),温度阈值（°C）,Próg temperatury (°C)
ui.temperature_unit,Temperature unit,Jednostka temperatury,温度单位,Jednostka temperatury
ui.test,Test,Test,测试,Test
ui.tests_take_about_15_s_close_other_demanding_apps_so_results_stay_3c1fdb94,Tests take about 15 s. Close other demanding apps so results stay comparable.,"Testy trwają ok. 15 s. Zamknij inne obciążające aplikacje, aby wynik był porównywalny.",测试约需 15 s。请关闭其他高负载应用，以便比较结果。,"Testy trwają ok. 15 s. Zamknij inne obciążające aplikacje, aby wynik był porównywalny."
ui.tests_to_run,Tests to run,Testy do uruchomienia,待运行的测试,Testy do uruchomienia
ui.text,—,—,—,—
ui.the_alert_appears_as_a_macos_notification_even_when_the_window_is_da045b4a,The alert appears as a macOS notification even when the window is hidden. Repeated at most every 10 minutes.,"Alert pojawia się jako powiadomienie macOS, nawet gdy okno jest schowane. Powtarzany nie częściej niż co 10 minut.",即使窗口隐藏，警报也会以 macOS 通知的形式显示。重复通知间隔至少为 10 分钟。,"Alert pojawia się jako powiadomienie macOS, nawet gdy okno jest schowane. Powtarzany nie częściej niż co 10 minut."
ui.the_app_and_d_related_files_will_be_moved_to_the_trash_you_can_re_f7d87370,The app and %d related files (%@) will be moved to the Trash. You can restore them from the Trash.,Aplikacja oraz %d plików powiązanych (%@) zostaną przeniesione do Kosza. Możesz je przywrócić z Kosza.,应用及 %d 个关联文件（%@）将移到废纸篓。你可以从废纸篓中恢复它们。,Aplikacja oraz %d plików powiązanych (%@) zostaną przeniesione do Kosza. Możesz je przywrócić z Kosza.
ui.the_app_has,the app has,aplikacja ma,应用拥有,aplikacja ma
ui.the_app_watches_temperature_load_memory_free_space_and_battery_an_63c21c51,"The app watches temperature, load, memory, free space and battery, and logs events on the System health page.","Aplikacja obserwuje temperaturę, obciążenie, pamięć, miejsce i baterię, a zdarzenia zapisuje w dzienniku na stronie Zdrowie systemu.",应用监控温度、负载、内存、可用空间和电池，并在“系统健康状况”页面记录事件。,"Aplikacja obserwuje temperaturę, obciążenie, pamięć, miejsce i baterię, a zdarzenia zapisuje w dzienniku na stronie Zdrowie systemu."
ui.the_app_will_be_moved_to_the_trash_you_can_restore_it_from_the_tr_768bdfc6,The app will be moved to the Trash. You can restore it from the Trash.,Aplikacja zostanie przeniesiona do Kosza. Możesz ją przywrócić z Kosza.,应用将移到废纸篓。你可以从废纸篓中恢复应用。,Aplikacja zostanie przeniesiona do Kosza. Możesz ją przywrócić z Kosza.
ui.the_app_will_quit_the_bundle_will_be_replaced_and_launched_again,"The app will quit, the bundle will be replaced and launched again.","Aplikacja zostanie zamknięta, pakiet podmieniony i uruchomiony ponownie.",应用将退出，替换应用包后重新启动。,"Aplikacja zostanie zamknięta, pakiet podmieniony i uruchomiony ponownie."
ui.the_app_will_restart_the_previous_version_will_remain_alongside_i_d759a86f,The app will restart. The previous version will remain alongside it as a backup.,Aplikacja zostanie uruchomiona ponownie. Poprzednia wersja pozostanie obok jako kopia zapasowa.,应用将重新启动。旧版本将作为备份保留在同一目录中。,Aplikacja zostanie uruchomiona ponownie. Poprzednia wersja pozostanie obok jako kopia zapasowa.
ui.the_app_will_run_with_administrator_privileges_to_show_cpu_and_me_0b2eafbb,The app will run with administrator privileges to show CPU and memory for all processes and allow terminating them. The system requests your password in the standard macOS dialog.,"Aplikacja zostanie uruchomiona z uprawnieniami administratora, dzięki czemu pokaże CPU i pamięć wszystkich procesów oraz pozwoli je kończyć. System poprosi o hasło w standardowym oknie macOS.",应用将以管理员权限运行，以显示所有进程的 CPU 和内存数据，并允许终止这些进程。系统将在标准 macOS 对话框中请求密码。,"Aplikacja zostanie uruchomiona z uprawnieniami administratora, dzięki czemu pokaże CPU i pamięć wszystkich procesów oraz pozwoli je kończyć. System poprosi o hasło w standardowym oknie macOS."
ui.the_codec_list_comes_from_videotoolbox_live_media_engine_activity_e6722d68,"The codec list comes from VideoToolbox. Live media engine activity has no public API on macOS 26/27 (the IOReport counters are frozen even for root), so it is not shown.","Lista kodeków pochodzi z VideoToolbox. Bieżąca aktywność silnika multimedialnego nie ma publicznego API w macOS 26/27 (liczniki IOReport są zamrożone także dla roota), dlatego nie jest wyświetlana.",编解码器列表来自 VideoToolbox。macOS 26/27 没有用于实时媒体引擎活动的公开 API（即使以 root 身份运行，IOReport 计数器也不会更新），因此不显示此数据。,"Lista kodeków pochodzi z VideoToolbox. Bieżąca aktywność silnika multimedialnego nie ma publicznego API w macOS 26/27 (liczniki IOReport są zamrożone także dla roota), dlatego nie jest wyświetlana."
ui.the_downloaded_app_has_no_valid_signature,The downloaded app has no valid signature.,Pobrana aplikacja nie ma poprawnego podpisu.,下载的应用没有有效签名。,Pobrana aplikacja nie ma poprawnego podpisu.
ui.the_downloaded_app_is_signed_by_a_different_team_than_the_install_302c6ec1,The downloaded app is signed by a different team than the installed one.,Pobrana aplikacja jest podpisana przez inny zespół niż zainstalowana.,下载的应用与已安装的应用由不同的开发团队签名。,Pobrana aplikacja jest podpisana przez inny zespół niż zainstalowana.
ui.the_downloaded_archive_is_damaged_or_contains_no_app,The downloaded archive is damaged or contains no app.,Pobrane archiwum jest uszkodzone albo nie zawiera aplikacji.,下载的归档文件已损坏或不包含应用。,Pobrane archiwum jest uszkodzone albo nie zawiera aplikacji.
ui.the_full_sensor_list_is_on_the_power_sensors_page,The full sensor list is on the Power & sensors page.,Pełna lista czujników jest na stronie Zasilanie i czujniki.,完整传感器列表位于“电源与传感器”页面。,Pełna lista czujników jest na stronie Zasilanie i czujniki.
ui.the_helper_requires_an_app_signed_with_an_apple_certificate_from_c253dfe0,The helper requires an app signed with an Apple certificate from the same team.,Pomocnik wymaga aplikacji podpisanej certyfikatem Apple tego samego zespołu.,辅助程序要求应用使用同一开发团队的 Apple 证书签名。,Pomocnik wymaga aplikacji podpisanej certyfikatem Apple tego samego zespołu.
ui.the_helper_requires_approval,The helper requires approval,Pomocnik wymaga zatwierdzenia,辅助程序需要批准,Pomocnik wymaga zatwierdzenia
ui.the_old_value_fades_out_as_the_new_one_appears_off_by_default_it_99ee0a31,The old value fades out as the new one appears. Off by default — it can look restless at fast refresh rates.,"Stara wartość zanika, a nowa się wyłania. Domyślnie wyłączone — przy szybkim odświeżaniu bywa niespokojne.",旧数值淡出，新数值淡入。默认关闭；刷新较快时，动画可能显得不稳定。,"Stara wartość zanika, a nowa się wyłania. Domyślnie wyłączone — przy szybkim odświeżaniu bywa niespokojne."
ui.the_operation_failed,The operation failed,Nie udało się wykonać operacji,操作失败,Nie udało się wykonać operacji
ui.the_operation_will_run_through_the_privileged_helper_in_domain,The operation will run through the privileged helper in domain,Operacja zostanie wykonana przez pomocnika uprzywilejowanego w domenie,操作将通过特权辅助程序在以下域中执行：,Operacja zostanie wykonana przez pomocnika uprzywilejowanego w domenie
ui.the_process_belongs_to_another_user_use_settings_restart_as_admin_f3f11994,The process belongs to another user. Use “Settings → Restart as administrator…”.,Proces należy do innego użytkownika. Użyj „Ustawienia → Uruchom ponownie jako administrator…”.,此进程属于其他用户。请使用“设置 → 以管理员身份重新启动…”。,Proces należy do innego użytkownika. Użyj „Ustawienia → Uruchom ponownie jako administrator…”.
ui.the_process_exited_changed_identity_or_is_protected_refresh_the_l_b2d9e4dd,"The process exited, changed identity, or is protected. Refresh the list.","Proces zakończył się, zmienił tożsamość lub jest chroniony. Odśwież listę.",进程已退出、身份已变更或受保护。请刷新列表。,"Proces zakończył się, zmienił tożsamość lub jest chroniony. Odśwież listę."
ui.the_process_is_killed_immediately_sigkill_unsaved_data_is_lost,The process is killed immediately (SIGKILL). Unsaved data is lost.,Proces zostanie natychmiast zabity (SIGKILL). Niezapisane dane zostaną utracone.,将立即终止进程（SIGKILL）。未保存的数据将丢失。,Proces zostanie natychmiast zabity (SIGKILL). Niezapisane dane zostaną utracone.
ui.the_process_receives_sigterm_and_can_exit_cleanly,The process receives SIGTERM and can exit cleanly.,Proces otrzyma sygnał SIGTERM i będzie mógł zakończyć się poprawnie.,将向进程发送 SIGTERM 信号，使其有机会正常退出。,Proces otrzyma sygnał SIGTERM i będzie mógł zakończyć się poprawnie.
ui.the_release_contains_no_zip_with_the_app,The release contains no ZIP with the app.,Wydanie nie zawiera pliku ZIP z aplikacją.,此发行版本没有包含应用的 ZIP 文件。,Wydanie nie zawiera pliku ZIP z aplikacją.
ui.the_repository_has_no_releases_yet,The repository has no releases yet.,Repozytorium nie ma jeszcze żadnego wydania.,仓库尚无发行版本。,Repozytorium nie ma jeszcze żadnego wydania.
ui.the_result_opens_in_the_default_text_editor,The result opens in the default text editor.,Wynik zostanie otwarty w domyślnym edytorze tekstu.,结果将在默认文本编辑器中打开。,Wynik zostanie otwarty w domyślnym edytorze tekstu.
ui.the_shortcut_shows_the_vitals_window_from_any_app_and_hides_it_wh_13f3887f,"The shortcut shows the Vitals window from any app, and hides it when the window is already in front. It only works while the app is running, so launching at login is worth enabling.","Skrót pokazuje okno Vitals z dowolnej aplikacji, a gdy okno jest na wierzchu – chowa je. Działa tylko przy uruchomionej aplikacji, więc warto włączyć start po zalogowaniu.",可在任何应用中使用此快捷键显示 Vitals 窗口；若窗口已位于最前方，则将其隐藏。快捷键仅在应用运行时有效，建议启用登录时启动。,"Skrót pokazuje okno Vitals z dowolnej aplikacji, a gdy okno jest na wierzchu – chowa je. Działa tylko przy uruchomionej aplikacji, więc warto włączyć start po zalogowaniu."
ui.the_system_launches_vitals_in_the_background_after_you_log_in_you_4e26371b,The system launches Vitals in the background after you log in. You can also undo this in System Settings → General → Login Items.,System uruchamia Vitals w tle po zalogowaniu. Pozycję można też cofnąć w Ustawieniach systemowych → Ogólne → Elementy logowania.,登录后，系统会在后台启动 Vitals。也可在系统设置 → 通用 → 登录项中取消。,System uruchamia Vitals w tle po zalogowaniu. Pozycję można też cofnąć w Ustawieniach systemowych → Ogólne → Elementy logowania.
ui.the_system_reports_pressure,The system reports pressure,System zgłasza presję,系统报告的压力,System zgłasza presję
ui.thermal_pressure,thermal pressure,presja termiczna,散热压力,presja termiczna
ui.thermal_pressure_db6a33ad,Thermal pressure,Presja termiczna,散热压力,Presja termiczna
ui.thermal_state,Thermal state,Stan termiczny,散热状态,Stan termiczny
ui.thermals,thermals,termika,散热,termika
ui.thermals_d057aabb,Thermals,Termika,散热,Termika
ui.third_party,Third-party,Spoza Apple,第三方,Spoza Apple
ui.third_party_8b05666f,Third-party,Zewnętrzne,第三方,Zewnętrzne
ui.third_party_extension_unloading_requires_administrator_privileges_8781cd9d,Third-party extension. Unloading requires administrator privileges and a lowered boot security level.,Rozszerzenie zewnętrzne. Wyładowanie wymaga uprawnień administratora i obniżenia poziomu zabezpieczeń rozruchu.,第三方扩展。卸载需要管理员权限，并降低启动安全性级别。,Rozszerzenie zewnętrzne. Wyładowanie wymaga uprawnień administratora i obniżenia poziomu zabezpieczeń rozruchu.
ui.this_display_reports_no_extended_dynamic_range,This display reports no extended dynamic range.,Ten ekran nie zgłasza rozszerzonego zakresu dynamiki.,此显示器未报告扩展动态范围支持。,Ten ekran nie zgłasza rozszerzonego zakresu dynamiki.
ui.thorough_6_s,Thorough (6 s),Dokładny (6 s),全面（6 s）,Dokładny (6 s)
ui.threads,Threads,Wątki,线程,Wątki
ui.threads_430c459c,threads,wątków,个线程,wątków
ui.threshold,threshold,próg,阈值,próg
ui.throughput,Throughput,Przepustowość,吞吐量,Przepustowość
ui.time,Time,Czas,时间,Czas
ui.time_remaining,Time remaining,Czas pozostały,剩余时间,Czas pozostały
ui.timed_out,Timed out,Przekroczono czas oczekiwania,等待超时,Przekroczono czas oczekiwania
ui.title_font,Title font,Czcionka tytułów,标题字体,Czcionka tytułów
ui.to_check,to check,do sprawdzenia,待检查,do sprawdzenia
ui.to_pid,to PID,do PID,目标 PID,do PID
ui.to_the_trash,to the Trash?,do Kosza?,移到废纸篓？,do Kosza?
ui.toggle_sidebar,Toggle sidebar,Pokaż/ukryj pasek boczny,显示 / 隐藏边栏,Pokaż/ukryj pasek boczny
ui.top_15_cpu_processes,TOP 15 CPU PROCESSES,TOP 15 PROCESÓW CPU,CPU 占用最高的 15 个进程,TOP 15 PROCESÓW CPU
ui.total,Total,Razem,总计,Razem
ui.total_bd79b763,Total,Łącznie,总计,Łącznie
ui.total_capacity,Total capacity,Łączna pojemność,总容量,Łączna pojemność
ui.total_cpu_usage_staying_above_the_threshold_for_5_seconds,Total CPU usage staying above the threshold for 5 seconds.,Łączne użycie procesora utrzymujące się powyżej progu przez 5 sekund.,CPU 总使用率持续超过阈值 5 秒时触发。,Łączne użycie procesora utrzymujące się powyżej progu przez 5 sekund.
ui.total_cpu_utilization_across_all_cores_user_plus_kernel,Total CPU utilization across all cores: user plus kernel.,Łączne wykorzystanie procesora ze wszystkich rdzeni: użytkownik plus jądro.,所有核心的 CPU 总使用率：用户与内核之和。,Łączne wykorzystanie procesora ze wszystkich rdzeni: użytkownik plus jądro.
ui.total_green_kernel_red,Total (green) · kernel (red),Łącznie (zielony) · jądro (czerwony),总计（绿色）· 内核（红色）,Łącznie (zielony) · jądro (czerwony)
ui.total_read,Total read,Łącznie odczytano,读取总量,Łącznie odczytano
ui.total_received,Total received,Łącznie odebrano,接收总量,Łącznie odebrano
ui.total_sent,Total sent,Łącznie wysłano,发送总量,Łącznie wysłano
ui.total_written,Total written,Łącznie zapisano,写入总量,Łącznie zapisano
ui.toy,Toy,Zabawka,玩具,Zabawka
ui.track_process,Track process,Śledź proces,跟踪进程,Śledź proces
ui.transfer,Transfer,Transfer,传输,Transfer
ui.transport,Transport,Transport,传输方式,Transport
ui.type,Type,Typ,类型,Typ
ui.unavailable,Unavailable,Niedostępny,不可用,Niedostępny
ui.unavailable_010b5250,unavailable,niedostępne,不可用,niedostępne
ui.unavailable_0cde0dee,Unavailable,Niedostępne,不可用,Niedostępne
ui.unavailable_3853d25a,Unavailable,Niedostępna,不可用,Niedostępna
ui.unavailable_no_privileges,unavailable (no privileges),niedostępny (brak uprawnień),不可用（无权限）,niedostępny (brak uprawnień)
ui.unavailable_without_the_helper,unavailable without the helper,niedostępne bez pomocnika,无辅助程序时不可用,niedostępne bez pomocnika
ui.under_high_pressure_the_system_lowers_clock_speeds,Under high pressure the system lowers clock speeds.,Przy wysokiej presji system obniża taktowanie.,压力较高时，系统会降低时钟频率。,Przy wysokiej presji system obniża taktowanie.
ui.unified_memory,Unified memory,Pamięć zunifikowana,统一内存,Pamięć zunifikowana
ui.unified_memory_c2132e36,Unified memory,Pamięć wspólna,统一内存,Pamięć wspólna
ui.uninstall,Uninstall…,Odinstaluj…,卸载…,Odinstaluj…
ui.unique_identifier,Unique identifier,Unikalny identyfikator,唯一标识符,Unikalny identyfikator
ui.unknown,unknown,nieznany,未知,nieznany
ui.unknown_63236cda,unknown,nieznana,未知,nieznana
ui.unknown_6b2aab04,Unknown,Nieznany,未知,Nieznany
ui.unknown_device,Unknown device,Nieznane urządzenie,未知设备,Nieznane urządzenie
ui.unknown_error,unknown error,nieznany błąd,未知错误,nieznany błąd
ui.unload_bootout,Unload (bootout),Wyładuj (bootout),卸载（bootout）,Wyładuj (bootout)
ui.unrecognized,unrecognized,nierozpoznany,无法识别,nierozpoznany
ui.unsafe_shutdowns,Unsafe shutdowns,Nagłe wyłączenia,非正常关机次数,Nagłe wyłączenia
ui.up,up,aktywny,已启用,aktywny
ui.update_helper,Update helper…,Zaktualizuj pomocnika…,更新辅助程序…,Zaktualizuj pomocnika…
ui.updated,"Updated ","Zaktualizowano ","已更新 ","Zaktualizowano "
ui.updates,Updates,Aktualizacje,更新,Aktualizacje
ui.updating_helper,Updating helper…,Aktualizowanie pomocnika…,正在更新辅助程序…,Aktualizowanie pomocnika…
ui.updating_helper_macos_may_request_authorization,Updating helper… macOS may request authorization.,Aktualizowanie pomocnika… macOS może poprosić o autoryzację.,正在更新辅助程序… macOS 可能会请求授权。,Aktualizowanie pomocnika… macOS może poprosić o autoryzację.
ui.upload,↑ Upload,↑ Nadawanie,↑ 发送,↑ Nadawanie
ui.uptime,Uptime,Czas działania,运行时间,Czas działania
ui.uptime_413e5e20,Uptime,Czas pracy,运行时间,Czas pracy
ui.use,Use,Użyj,使用,Użyj
ui.used,used,zajęte,已用,zajęte
ui.used_by_the_kernel,Used by the kernel,Zajęta przez jądro,内核占用,Zajęta przez jądro
ui.user,User,Użytkownik,用户,Użytkownik
ui.user_2f0e85dd,user,użytkownika,用户,użytkownika
ui.user_agent,User agent,Agent użytkownika,用户代理,Agent użytkownika
ui.user_e8aca19d,user,użytkownik,用户,użytkownik
ui.user_f550a25c,User,Użytkownika,用户,Użytkownika
ui.user_locale,User locale,Lokalizacja użytkownika,用户区域设置,Lokalizacja użytkownika
ui.user_session,User & session,Użytkownik i sesja,用户与会话,Użytkownik i sesja
ui.users,Users,Użytkownicy,用户,Użytkownicy
ui.uses,uses,używa,使用,używa
ui.utilization,% utilization,% wykorzystania,% 使用率,% wykorzystania
ui.utilization_22f44d96,Utilization,Wykorzystanie,使用率,Wykorzystanie
ui.utilization_green_kernel_red,% utilization (green) · kernel (red),% wykorzystania (zielony) · jądro (czerwony),% 使用率（绿色）· 内核（红色）,% wykorzystania (zielony) · jądro (czerwony)
ui.utilization_per_core,% utilization per core,% wykorzystania na rdzeń,% 使用率（每个核心）,% wykorzystania na rdzeń
ui.utilization_per_logical_cpu,% utilization per logical CPU,% wykorzystania na procesor logiczny,% 使用率（每个逻辑 CPU）,% wykorzystania na procesor logiczny
ui.value,Value,Wartość,数值,Wartość
ui.value_and_graph,Value and graph,Wartość i wykres,数值和图表,Wartość i wykres
ui.value_only,Value only,Tylko wartość,仅数值,Tylko wartość
ui.vendor,Vendor,Producent,厂商,Producent
ui.vendor_id,Vendor ID,ID producenta,厂商 ID,ID producenta
ui.version,Version,Wersja,版本,Wersja
ui.version_e81e3a85,version,wersja,版本,wersja
ui.very_fast_10_s,Very fast — 10/s,Bardzo szybko — 10/s,极快 — 10/s,Bardzo szybko — 10/s
ui.vfd_text,VFD text,Tekst VFD,VFD 文本,Tekst VFD
ui.via_the_helper,via the helper,przez pomocnika,通过辅助程序,przez pomocnika
ui.video_decoder,Video decoder,Dekoder wideo,视频解码器,Dekoder wideo
ui.video_decoding,Video decoding,Dekodowanie wideo,视频解码,Dekodowanie wideo
ui.video_encoder,Video encoder,Enkoder wideo,视频编码器,Enkoder wideo
ui.video_encoding,Video encoding,Kodowanie wideo,视频编码,Kodowanie wideo
ui.video_engine_activity_is_shown_as_power_draw_of_ave_encoding_and_aee77499,Video engine activity is shown as power draw of AVE (encoding) and VDEC (decoding) blocks from IOReport. The system does not expose percentage utilization of these blocks.,Aktywność silników wideo pokazujemy jako pobór mocy bloków AVE (kodowanie) i VDEC (dekodowanie) z IOReport. Procentowe wykorzystanie tych bloków nie jest udostępniane przez system.,视频引擎活动以 IOReport 提供的 AVE（编码）和 VDEC（解码）模块功耗显示。系统不提供这些模块的使用率百分比。,Aktywność silników wideo pokazujemy jako pobór mocy bloków AVE (kodowanie) i VDEC (dekodowanie) z IOReport. Procentowe wykorzystanie tych bloków nie jest udostępniane przez system.
ui.video_engines,Video engines,Silniki wideo,视频引擎,Silniki wideo
ui.view,View,Widok,显示,Widok
ui.virtual_machine,Virtual machine,Maszyna wirtualna,虚拟机,Maszyna wirtualna
ui.virtualization,Virtualization,Wirtualizacja,虚拟化,Wirtualizacja
ui.visible_columns,Visible columns,Widoczne kolumny,可见列,Widoczne kolumny
ui.vitals_provides_a_system_service_called_show_vitals_a_shortcut_as_60d261e5,Vitals provides a system service called “Show Vitals”. A shortcut assigned to it launches the app even when it is fully quit. Set the combination in System Settings → Keyboard → Keyboard Shortcuts → Services → General.,"Vitals udostępnia systemową usługę „Pokaż Vitals”. Przypisany do niej skrót uruchamia aplikację nawet wtedy, gdy jest całkiem zamknięta. Kombinację ustawisz w Ustawieniach systemowych → Klawiatura → Skróty klawiszowe → Usługi → Ogólne.",Vitals 提供名为“显示 Vitals”的系统服务。为其指定快捷键后，即使应用已完全退出，也能启动应用。请前往系统设置 → 键盘 → 键盘快捷键 → 服务 → 通用进行设置。,"Vitals udostępnia systemową usługę „Pokaż Vitals”. Przypisany do niej skrót uruchamia aplikację nawet wtedy, gdy jest całkiem zamknięta. Kombinację ustawisz w Ustawieniach systemowych → Klawiatura → Skróty klawiszowe → Usługi → Ogólne."
ui.voltage,Voltage,Napięcie,电压,Napięcie
ui.voltage_regulators,Voltage regulators,Regulatory napięcia,电压调节器,Regulatory napięcia
ui.voltages,voltages,napięć,项电压,napięć
ui.volume,Volume,Wolumin,宗卷,Wolumin
ui.volume_uuid,Volume UUID,UUID woluminu,宗卷 UUID,UUID woluminu
ui.volumes,Volumes,Woluminy,宗卷,Woluminy
ui.vpn_profile,VPN profile,Profil VPN,VPN 描述文件,Profil VPN
ui.vpn_tunnel,VPN tunnel,Tunel VPN,VPN 隧道,Tunel VPN
ui.vpn_type,VPN type,Typ VPN,VPN 类型,Typ VPN
ui.waiting_for_bluetooth_access,Waiting for Bluetooth access…,Oczekiwanie na dostęp do Bluetooth…,正在等待蓝牙访问权限…,Oczekiwanie na dostęp do Bluetooth…
ui.wakeups_s,Wakeups/s,Wybudzenia/s,唤醒次数/s,Wybudzenia/s
ui.warning,Warning,Ostrzeżenie,警告,Ostrzeżenie
ui.warning_3eae7098,warning,ostrzeżenie,警告,ostrzeżenie
ui.warning_level,Warning level,Poziom ostrzegawczy,警告级别,Poziom ostrzegawczy
ui.warnings,warnings,ostrzeżeń,项警告,ostrzeżeń
ui.warnings_present,Warnings present,Są ostrzeżenia,存在警告,Są ostrzeżenia
ui.wear,wear,zużycie,损耗,zużycie
ui.wearable_device,Wearable device,Urządzenie ubieralne,可穿戴设备,Urządzenie ubieralne
ui.white,White,Biały,白色,Biały
ui.wi_fi_network,Wi-Fi network,Sieć Wi-Fi,Wi-Fi 网络,Sieć Wi-Fi
ui.wi_fi_rate,Wi-Fi rate,Szybkość Wi-Fi,Wi-Fi 速率,Szybkość Wi-Fi
ui.wi_fi_sharing_hotspot,Wi-Fi — sharing (hotspot),Wi-Fi — udostępnianie (hotspot),Wi-Fi — 共享（热点）,Wi-Fi — udostępnianie (hotspot)
ui.wifi_interfaces,Wi‑Fi interfaces,Interfejsy Wi‑Fi,Wi‑Fi 接口,Interfejsy Wi‑Fi
ui.will_be_sent_to_the_process_and_all_its_descendants,will be sent to the process and all its descendants.,zostanie wysłany do procesu i wszystkich jego potomków.,将发送给进程及其所有子孙进程。,zostanie wysłany do procesu i wszystkich jego potomków.
ui.window,Window,Okno,窗口,Okno
ui.wired,Wired,Zablokowana,联动内存,Zablokowana
ui.wired_433ed8e4,Wired,Zablokowane (wired),联动内存,Zablokowane (wired)
ui.wired_memory,Wired memory,Pamięć zablokowana,联动内存,Pamięć zablokowana
ui.wireless_module,Wireless module,Moduł bezprzewodowy,无线模块,Moduł bezprzewodowy
ui.without_the_helper_full_data_on_other_users_processes_and_subsyst_b7b33d3b,"Without the helper, full data on other users' processes and subsystem power is unavailable.",Bez pomocnika brakuje pełnych danych o procesach innych użytkowników i mocy podsystemów.,没有辅助程序时，无法获取其他用户进程的完整数据和子系统功率。,Bez pomocnika brakuje pełnych danych o procesach innych użytkowników i mocy podsystemów.
ui.writable,Writable,Zapisywalny,可写入,Zapisywalny
ui.write,Write,Zapis,写入,Zapis
ui.write_all_disks,Write (all disks),Zapis (wszystkie dyski),写入（所有磁盘）,Zapis (wszystkie dyski)
ui.write_mb_s,Write (MB/s),Zapis (MB/s),写入（MB/s）,Zapis (MB/s)
ui.written_smart,Written (SMART),Zapisano (SMART),已写入（SMART）,Zapisano (SMART)
ui.yes,Yes,Tak,是,Tak
ui.yes_2959bb12,yes,tak,是,tak
ui.yes_runatload,yes (RunAtLoad),tak (RunAtLoad),是（RunAtLoad）,tak (RunAtLoad)
ui.yes_unified_memory,Yes (unified memory),Tak (unified memory),是（统一内存）,Tak (unified memory)
ui.you_have_the_latest_version,You have the latest version,Masz najnowszą wersję,已是最新版本,Masz najnowszą wersję
ui.zombie,Zombie,Zombie,僵尸进程,Zombie
ui.zombie_processes,Zombie processes,Procesy zombie,僵尸进程,Procesy zombie
ui.zoom,Zoom,Powiększ,缩放,Powiększ
ui.zoom_in_scroll_or_pinch,Zoom in (⌘ + scroll or pinch),Powiększ mapę (⌘ + scroll lub gest szczypania),放大（⌘ + 滚动或双指缩放）,Powiększ mapę (⌘ + scroll lub gest szczypania)
ui.zoom_out,Zoom out,Pomniejsz mapę,缩小,Pomniejsz mapę
